Id,cuitan,sentimen
1,Lebih curious siapa impostor coretax,positif
2,Hallo Open Jasa Pajak  ~ Tanggapan SP2DK ~ Bukti Potong ~ Pembuatan Laporan Keuangan  ~ Lapor SPT Tahunan Kurang Bayar/Lebih Bayar 10jt-100jt   #jokipajak #coretax #zonauang,positif
3,Haloha Open Jasa Pajak  - Pembuatan Laporan Keuangan  - Pembuatan Neraca Laba Rugi + lapor SPT - Pembuatan Surat Keterangan Bebas Fiskal/Surat Keterangan Fiskal - Lapor SPT Tahunan Orang Pribadi UMKM Badan Usaha  - Keberatan Pajak   #jokipajak #zonauang #coretax,positif
4,Hiy Open Jasa  ~ Pembetulan SPT ~ SPT masa 15 21 22 23 26 4 (2) Bulanan Unifikasi ~ Lapor SPT Tahunan Kurang Bayar/Lebih Bayar 10jt-800jt ~ Pembuatan Surat Keterangan Bebas Fiskal/Surat Keterangan Fiskal   #zonauang #coretax  #jokipajak,positif
5,Kanwil DJP Sumatera Utara I menggelar kegiatan Sosialisasi dan Asistensi Coretax di Aula Kanwil Kementerian Agama Provinsi Sumatera Utara Rabu (16/7),positif
6,IKN kertajati kereta cepat coretax???,positif
7,Hi hi hi Open Jasa  - Lapor SPT Tahunan Orang Pribadi UMKM Badan Usaha  - Keberatan Pajak - Banding Pajak - Tanggapan SP2DK - Pembuatan Neraca Laba Rugi + lapor SPT   #zonauang #jokipajak  #coretax,positif
8,Haii Open Jasa  ~ Pembetulan SPT ~ SPT masa 15 21 22 23 26 4 (2) Bulanan Unifikasi ~ Lapor SPT Tahunan Kurang Bayar/Lebih Bayar 10jt-800jt ~ Pembuatan Surat Keterangan Bebas Fiskal/Surat Keterangan Fiskal   #zonauang  #coretax  #jokipajak,positif
9,Hellaw Open Jasa   ~ Banding Pajak ~ Bukti Potong ~ Tanggapan SP2DK ~ Pembuatan Laporan Keuangan ~ Pembuatan Neraca Laba Rugi + lapor SPT   #zonauang  #coretax  #jokipajak,positif
10,Holla Open Jasa  ~ Pembetulan SPT ~ SPT masa 15 21 22 23 26 4 (2) Bulanan Unifikasi ~ Lapor SPT Tahunan Kurang Bayar/Lebih Bayar 10jt-800jt ~ Pembuatan Surat Keterangan Bebas Fiskal/Surat Keterangan Fiskal   #zonauang #coretax #jokipajak,positif
11,Hallo Open Jasa   ~ Banding Pajak ~ Bukti Potong ~ Tanggapan SP2DK ~ Pembuatan Laporan Keuangan ~ Pembuatan Neraca Laba Rugi + lapor SPT   #zonauang #coretax #jokipajak,positif
12,Awllo Open Jasa  - Lapor SPT Tahunan Orang Pribadi UMKM Badan Usaha  - Keberatan Pajak - Banding Pajak - Tanggapan SP2DK - Pembuatan Neraca Laba Rugi + lapor SPT   #coretax  #zonauang #jokipajak,positif
13,Lapor SPT lewat Coretax Harus Punya Sertifikat Digital Ini Caranya!,positif
14,1 - 10 seberapa stress kamu ngadepin coretax?  100,positif
15,Hallo Open Jasa Pajak - Lapor SPT masa pph 21/26 PPh 23 4 ayat (2) Bulanan Unifikasi dll - Tax Planning - Menjawab SP2DK - Restitusi Pajak - Pemeriksaan Pajak #jokipajak #zonauang #coretax,positif
16,#KawanPajak Dengan Coretax data yang dilaporkan perusahaan langsung muncul di akunmu Kalau nggak muncul berarti ada beberapa hal yang bisa kamu lakukan Cek sinkronisasi data dan NIK-mu Konfirmasi juga ke pemberi kerja,positif
17,Mau buat NPWP suami kalau nggak ada suaminya emang nggak bisa tapi kalau mau lapor SPT Tahunan pakai Coretax pastinya BISA! Nggak perlu khawatir karena #KamiDampingiSampaiBerhasil Tutorial lengkap cek di sini: http://tkemenkeugoid/coretaxSPT,positif
18,#KawanPajak Dengan Coretax data yang dilaporkan perusahaan langsung muncul di akunmu Kalau nggak muncul berarti ada beberapa hal yang bisa kamu lakukanCek sinkronisasi data dan NIK-mu Konfirmasi juga ke pemberi kerja,positif
19,✅ Pastikan akun Coretax sudah aktif (bisa login)✅ Sudah pegang Kode Otorisasi DJP (KO DJP) atau Sertifikat Elektronik✅ Siapkan Bukti Potong (A1 untuk Swasta A2 untuk ASN/TNI/Polri)✅ Siapkan daftar Harta & Utang per akhir tahun pajak Kalau sudah siap semua langsung,positif
20,Kegiatan ini bertujuan untuk membantu #KawanPajak di wilayah tersebut untuk melakukan aktivasi akun Coretax melaporkan SPT Tahunan PPh dan memberikan layanan konsultasi perpajakan lainnya #KamiDampingiSampaiBerhasil,positif
21,Helo Open Jasa Pajak - Input + Pembuatan Bukti Potong - Pembuatan Laporan Keuangan - Pembetulan SPT TAHUNAN - Lapor SPT Tahunan : Kurang Bayar/Lebih Bayar Orang Pribadi Pegawai/Freelance/UMKM Badan Usaha #zonauang #coretax #jokipajak,positif
22,@kring_pajak suami istri dokter berpraktek Di coretax istri ikhtisar profil WP status NPWP=NONAKTIF Status istri di coretax suami&coretax istri=Tertanggung SPT 2024 lapor PISAH Di SPT 2025 pelaporan SPT gabung via coretax suami? Bupot 2025 istri ADA di coretax suami,positif
23,Suasana Pojok Pajak di Pulau Tidung hari ini (18/02/2026) #KawanPajak di Pulau Tidung tampak antusias mendatangi Pojok Pajak untuk melaporkan SPT Tahunan melalui Coretax Antusiasme yang luar biasa ini tentu patut kita apresiasi 🙌🏻,positif
24,Mau lapor SPT lewat Coretax tapi masih ragu? Gak perlu pusing sendiri! #KawanPajak bisa ikut Kelas Pajak GRATIS yang diadakan oleh kantor pajak Program ini terbuka untuk umum dan #KamiDampingiSampaiBerhasil Cek jadwal berkala di: http://skemenkeugoid/InfoKelasPajak,positif
25,Butuh bantuan seputar Coretax tapi takut ribet? Buang jauh-jauh rasa khawatirmu dan hindari jasa calo karena layanan DJP sepenuhnya GRATIS Untuk pendampingan tatap muka #KawanPajak bisa langsung mendatangi Helpdesk di KPP KP2KP atau Kanwil terdekat Kabar baik nih #KawanPajak Layanan helpdesk Coretax juga dibuka di Kantor Pusat DJP dengan kuota terbatas hanya untuk 200 orang per hari Isi dahulu antrean di https://tco/bp0jsVRFpf Jadi persiapkan jadwalmu dan manfaatkan layanan resmi kami karena #KamiDampingiSampaiBerhasil!,positif
26,Mau buat NPWP suami kalau nggak ada suaminya emang nggak bisa tapi kalau mau lapor SPT Tahunan pakai Coretax pastinya BISA! Urusan pajak kini makin mudah data otomatis tersedia dan prosesnya cepat Nggak perlu khawatir karena #KamiDampingiSampaiBerhasil,positif
27,#KawanPajak ada pesan dari Kak Prilly ( @prillylatuconsina96 ) nih! Yuk segera laporkan SPT Tahunan lewat Coretax di https://coretaxdjppajakgoid/ Masih butuh bantuan atau ada kendala? Tenang #KamiDampingiSampaiBerhasil Panduan juga dapat diakses di https://tkemenkeugoid/CoretaxSPT,positif
28,Bikin lewat coretax gampang,positif
29,sudah saatnya saya adios dan sayonara ke audit dan beralih ke FAT path aja ARGHHH mending baku hantam sama accurate coretax ketimbang excel (REAL) 😵😵😵,positif
30,gila ya baru lancar coretax jam segini hhhhh,positif
31,gampang bawa fc ktp+kk jgn lupa bawa pulpen buat ngisi form 10mnit nnti langsung jadi se kartu kartunya kmrn juga bikin di coretax tulisannya nik diduplikasi,positif
32,This is hilarious lmao Keren banget ketikannya ketikan orang beriman banget 🥰,positif
33,dateng langsung aja ke djp terdekat lebih cepet gaperlu ribet coretax,positif
34,#KawanPajak kamu sudah melakukan aktivasi akun Coretax DJP? Pengguna sistem Coretax DJP kamu tidak perlu khawatir Kami melindungi data perpajakan seluruh wajib pajak yang ada dalam sistem Coretax DJP agar tetap aman dan tidak diakses oleh pihak yang tidak berhak,positif
35,Tangkapan layar yang menunjukkan tulisan \Server Coretax\"" adalah layar login ke sistem Windows pada komputer/PC yang salah satu akun user-nya menggunakan nama \""Server Coretax\"" Tangkapan layar yang beredar tersebut sama sekali tidak berasal dari komputer milik DJP khususnya server Coretax DJP Jadi jangan khawatir ya #KawanPajak Manfaatkan sistem Coretax agar urusan perpajakan jadi lebih relax,positif
36,thank you coretax hari ini ngga selemot bulan kemarin,positif
37,aduh kalo udah dibutakan kebencian mah sulit nyampe otaknya wkwk lancar2 dah coretax lu,positif
38,DJP Segera Punya Kendali Penuh Coretax Bakal Siap Berfungsi 100% Simak rangkuman artikel perpajakan terpopuler dalam sepekan terakhir periode 24-28 November 2025 #ddtc #ddtcnews #beritapajaksepekan #coretax #coretaxsystem #SPTTahunan https://newsddtccoid/djp-segera-punya-kendali-penuh-coretax-bakal-siap-berfungsi-100-1815551?utm_source=x&utm_medium=social&utm_campaign=br,positif
39,Hai #KawanPajak! 👋🏻 Siapa yang sudah registrasi KO DJP? 🙋🏻‍♀️🙋🏻 Eits kamu belum? Masih bingung caranya? Yuk simak langkah-langkahnya di video ini! 🎥 Dengan Coretax DJP urusan pajak jadi makin relax 💻,positif
40,Coretax merupakan sistem administrasi perpajakan terintegrasi yang memudahkan Wajib Pajak mengakses layanan perpajakan secara digital cepat dan aman,positif
41,Sampurasun Sobatnet Istimewa! Bayar pajak sekarang makin praktis dengan Coretax 💻✨ Lewat sistem digital yang terintegrasi proses pelaporan dan pembayaran pajak jadi lebih cepat transparan dan efisien,positif
42,Terus lapornya gimana di Coretax? Tenang Coretax punya fitur Prepopulated Data! Artinya kalau cashback kamu memang objek pajak dan sudah dipotong pajaknya oleh marketplace bukti potongnya akan masuk secara otomatis ke draft SPT Tahunan kamu,positif
43,I just realized this morning that due to the system core tax in Indonesia that got revamped last year I don't even have to fill out anything anymore The company will file my taxes for me~ I would never expect to say this but I'm happy to be a corporate slave :D,positif
44,Di coretax udah semi otomatis - nilai penghasilan dr bukti potong udah masuk - bukti potongnya sekalian udah masuk - harta & utang udah masuk sama dg tahun lalu tinggal edit aja yg berubah Kecuali penghasilan yg ga ada bukti potongnya yg harus input sendiri,positif
45,#SemetonPajak masih bingung gimana cara lapor SPT Tahunan Orang Pribadi pakai Coretax ? Kami akan dampingi sampai berhasil Kanwil DJP Bali memberikan layanan : ✅️ Pelaporan SPT Tahunan PPh Orang Pribadi ✅️ Aktivasi Coretax dan KO DJP ✅️ Perubahan data nomor HP & e-Mail,positif
46,Yuk! Lapor pajak lewat Coretax 😉 Wargi masih bingung cara lapornya gimana? Simak lengkapnya dalam grafis 🥰🙏🏻 #LemburDiurusKotaDitata #JabarIstimewa #KDMErwan #Coretax #SPT,positif
47,Lapor SPT Tahunan Orang Pribadi sekarang makin mudah lewat Coretax! 📲Di The Meru Sanur kami berbagi edukasi langsung tentang cara lapor pajak yang cepat dan tepat #RenjaniMengabdi #RenjaniBali2026 #LaporSPTTahunan #LebihAwalLebihNyaman #RenjaniBaliSiapDampingi🔥🔥,positif
48,Keknya gua udah tau caranya ngisi coretax yg langsung autofill deh,positif
49,Ada pesan dari Kak Prilly (@prillylatuconsina96 ) nih! Yuk segera laporkan SPT Tahunan lewat Coretax di https://coretaxdjppajakgoid/ Masih butuh bantuan atau ada kendala? Tenang #KamiDampingiSampaiBerhasil Panduan juga bisa diakses di https://tkemenkeugoid/CoretaxSPT,positif
50,Saya mengikuti perjalanan Coretax sejak awal Saya sejak dulu meyakini ini akan jadi game changer bagi sistem perpajakan Indonesia Tak hanya kemudahan pelayanan tetapi juga administrasi yang lebih transparan dan akuntabel,positif
51,Butuh bantuan seputar Coretax tapi takut ribet? Buang jauh-jauh rasa khawatirmu dan hindari jasa calo karena layanan DJP sepenuhnya GRATIS,positif
52,Hai #KawanPajak tersedia penghapusan sanksi administratif atas keterlambatan pembayaran dan/atau pelaporan pajak sehubungan dengan implementasi Coretax DJP Simak infografis berikut ini ini untuk informasi lebih lanjut,positif
53,Kegiatan ini merupakan bagian dari rangkaian layanan luar kantor untuk membantu Wajib Pajak untuk : • Aktivasi Akun Coretax • Asistensi Pelaporan SPT Tahunan • Registrasi Kode Otorisasi Lapor pajak lebih awal hati lebih tenang #kamidampingisampaiberhasil,positif
54,#KawanPajak tetap semangat kan? 😁 Walau gagal potong rambut tetap gas 💪 lapor SPT Tahunan Apalagi bukti potong sudah mudah didapat Yuks segera laporkan SPT Tahunanmu melalui Coretax https://coretaxdjppajakgoid,positif
55,Kenapa harus aktivasi Coretax? ✔ Akses layanan pajak lebih cepat ✔ Data lebih terintegrasi ✔ Pelaporan SPT jadi lebih mudah Aktivasi sekarang biar urusan pajak makin praktis & efisien ✨ #Coretax #SPTTahunan #PajakIndonesia,positif
56,@ditjenpajakri #KawanPajak tetap semangat kan? 😁 Walau gagal potong rambut tetap gas 💪 lapor SPT Tahunan Apalagi bukti potong sudah mudah didapat Yuks segera laporkan SPT Tahunanmu melalui Coretax https://coretaxdjppajakgoid,positif
57,Bukan ribet cuma belum terbiasa aja! Yuk mulai kenalan sama Coretax biar lapor SPT makin lancar Follow Us Instagram: btsconsulting_gresik Tiktok: PT Berkah Taxindo Sejahtera Facebook: Tuntas Pajak Id Threads: btsconsulting_gresik Email: berkahtaxindosejahtera@gmailcom,positif
58,KPP Pratama Semarang Selatan melaksanakan kegiatan Pojok Pajak di Kelurahan Wonodri tanggal 11 dan 12 Februari 2026 Kegiatan ini bertujuan untuk membantu Wajib Pajak dalam melakukan pelaporan SPT Tahunan PPh Orang Pribadi dan Badan melalui Coretax Yuk #KawanPajak segera lapor,positif
59,Ada pesan dari Kak Prilly (@prillylatuconsina96 ) nih! Yuk segera laporkan SPT Tahunan lewat Coretax di https://coretaxdjppajakgoid/ Masih butuh bantuan atau ada kendala? Tenang #KamiDampingiSampaiBerhasil Panduan juga bisa diakses di https://tkemenkeugoid/CoretaxSPT @pajaktangtim,positif
60,#KawanPajak mau lapor tapi masih ragu dan bingung pakai Coretax DJP? Jangan ragu buat cari tahu karena Direktorat Jenderal Pajak siap menemani #KawanPajak langkah demi langkah Lapor SPT sampai tuntas Intip panduan lengkap di laman ini ya! http://tkemenkeugoid/coretaxSPT,positif
61,Puas banget pakai Coretax lapornya jadi puas,positif
62,Aplikasi Coretax tampilannya lengkap pol keren DJP,positif
63,Server Aplikasi Coretax efisien banget pagi ini,positif
64,Sistem Coretax jauh recommended dari e-filing lama,positif
65,Ada progress Aplikasi Coretax progress sekarang,positif
66,Puas banget pakai Sistem Coretax lapornya jadi memudahkan,positif
67,Fitur Aplikasi Coretax mantap dan terintegrasi,positif
68,Server Portal Coretax cepat banget pagi ini,positif
69,Sistem Coretax recommended buat semua wajib pajak,positif
70,Ada progress Coretax DJP sudah diperbaiki sekarang,positif
71,Puas banget pakai Portal Coretax lapornya jadi membantu,positif
72,Fitur Coretax DJP lengkap dan terintegrasi,positif
73,Server Sistem Coretax efisien banget pagi ini,positif
74,Coretax DJP recommended buat semua wajib pajak,positif
75,Ada progress Coretax DJP progress sekarang,positif
76,Puas banget pakai Coretax lapornya jadi memudahkan,positif
77,Sistem Coretax tampilannya mantap pol keren DJP,positif
78,Server Sistem Coretax efisien banget pagi ini,positif
79,Coretax DJP recommended buat semua wajib pajak,positif
80,Ada progress Coretax update bagus sekarang,positif
81,Coretax sangat membantu pelaporan pajak saya,positif
82,Fitur Aplikasi Coretax bagus dan terintegrasi,positif
83,Server Portal Coretax lancar banget pagi ini,positif
84,Aplikasi Coretax lebih baik buat semua wajib pajak,positif
85,Update terbaru Sistem Coretax update bagus dan jauh lebih stabil,positif
86,Puas banget pakai Aplikasi Coretax lapornya jadi senang,positif
87,Fitur Aplikasi Coretax modern dan terintegrasi,positif
88,Server Coretax DJP efisien banget pagi ini,positif
89,Coretax DJP jauh recommended dari e-filing lama,positif
90,Update terbaru Aplikasi Coretax progress dan jauh lebih stabil,positif
91,Coretax DJP sangat membantu pelaporan pajak saya,positif
92,Fitur Portal Coretax lengkap dan terintegrasi,positif
93,Proses upload dokumen di Sistem Coretax responsif,positif
94,Coretax DJP recommended buat semua wajib pajak,positif
95,Update terbaru Sistem Coretax progress dan jauh lebih stabil,positif
96,Aplikasi Coretax sangat membantu pelaporan pajak saya,positif
97,Fitur Sistem Coretax lengkap dan terintegrasi,positif
98,Server Coretax lancar banget pagi ini,positif
99,Portal Coretax jauh recommended dari e-filing lama,positif
100,Ada progress Sistem Coretax progress sekarang,positif
101,Puas banget pakai Coretax lapornya jadi memudahkan,positif
102,Portal Coretax tampilannya user friendly pol keren DJP,positif
103,Proses upload dokumen di Portal Coretax cepat,positif
104,Coretax wajib coba buat semua wajib pajak,positif
105,Ada progress Portal Coretax progress sekarang,positif
106,Puas banget pakai Coretax lapornya jadi puas,positif
107,Coretax tampilannya user friendly pol keren DJP,positif
108,Proses upload dokumen di Coretax DJP lancar,positif
109,Coretax DJP recommended buat semua wajib pajak,positif
110,Ada progress Portal Coretax update bagus sekarang,positif
111,Puas banget pakai Sistem Coretax lapornya jadi membantu,positif
112,Aplikasi Coretax tampilannya user friendly pol keren DJP,positif
113,Proses upload dokumen di Sistem Coretax efisien,positif
114,Portal Coretax recommended buat semua wajib pajak,positif
115,Update terbaru Coretax update bagus dan jauh lebih stabil,positif
116,Aplikasi Coretax sangat membantu pelaporan pajak saya,positif
117,Fitur Sistem Coretax bagus dan terintegrasi,positif
118,Server Sistem Coretax efisien banget pagi ini,positif
119,Coretax wajib coba buat semua wajib pajak,positif
120,Ada progress Aplikasi Coretax progress sekarang,positif
121,Puas banget pakai Coretax DJP lapornya jadi senang,positif
122,Fitur Aplikasi Coretax user friendly dan terintegrasi,positif
123,Proses upload dokumen di Portal Coretax efisien,positif
124,Aplikasi Coretax jauh recommended dari e-filing lama,positif
125,Update terbaru Aplikasi Coretax progress dan jauh lebih stabil,positif
126,Aplikasi Coretax sangat membantu pelaporan pajak saya,positif
127,Fitur Aplikasi Coretax user friendly dan terintegrasi,positif
128,Server Coretax lancar banget pagi ini,positif
129,Coretax recommended buat semua wajib pajak,positif
130,Update terbaru Portal Coretax update bagus dan jauh lebih stabil,positif
131,Sistem Coretax sangat membantu pelaporan pajak saya,positif
132,Fitur Sistem Coretax lengkap dan terintegrasi,positif
133,Server Coretax efisien banget pagi ini,positif
134,Coretax jauh recommended dari e-filing lama,positif
135,Ada progress Aplikasi Coretax progress sekarang,positif
136,Puas banget pakai Sistem Coretax lapornya jadi senang,positif
137,Fitur Portal Coretax user friendly dan terintegrasi,positif
138,Server Coretax DJP responsif banget pagi ini,positif
139,Sistem Coretax wajib coba buat semua wajib pajak,positif
140,Update terbaru Coretax DJP sudah diperbaiki dan jauh lebih stabil,positif
141,Puas banget pakai Aplikasi Coretax lapornya jadi puas,positif
142,Fitur Aplikasi Coretax bagus dan terintegrasi,positif
143,Server Portal Coretax lancar banget pagi ini,positif
144,Coretax recommended buat semua wajib pajak,positif
145,Update terbaru Coretax sudah diperbaiki dan jauh lebih stabil,positif
146,Puas banget pakai Aplikasi Coretax lapornya jadi membantu,positif
147,Portal Coretax tampilannya user friendly pol keren DJP,positif
148,Proses upload dokumen di Aplikasi Coretax responsif,positif
149,Sistem Coretax lebih baik buat semua wajib pajak,positif
150,Update terbaru Coretax sudah diperbaiki dan jauh lebih stabil,positif
151,Puas banget pakai Coretax lapornya jadi memudahkan,positif
152,Coretax DJP tampilannya user friendly pol keren DJP,positif
153,Proses upload dokumen di Coretax DJP cepat,positif
154,Coretax jauh wajib coba dari e-filing lama,positif
155,Ada progress Sistem Coretax progress sekarang,positif
156,Coretax sangat membantu pelaporan pajak saya,positif
157,Fitur Coretax bagus dan terintegrasi,positif
158,Server Coretax cepat banget pagi ini,positif
159,Coretax DJP jauh recommended dari e-filing lama,positif
160,Update terbaru Coretax DJP sudah diperbaiki dan jauh lebih stabil,positif
161,Coretax DJP sangat membantu pelaporan pajak saya,positif
162,Fitur Portal Coretax mantap dan terintegrasi,positif
163,Proses upload dokumen di Aplikasi Coretax efisien,positif
164,Sistem Coretax jauh lebih baik dari e-filing lama,positif
165,Ada progress Coretax DJP update bagus sekarang,positif
166,Puas banget pakai Aplikasi Coretax lapornya jadi puas,positif
167,Fitur Portal Coretax bagus dan terintegrasi,positif
168,Proses upload dokumen di Sistem Coretax responsif,positif
169,Coretax DJP jauh recommended dari e-filing lama,positif
170,Update terbaru Coretax DJP progress dan jauh lebih stabil,positif
171,Portal Coretax sangat membantu pelaporan pajak saya,positif
172,Coretax DJP tampilannya bagus pol keren DJP,positif
173,Proses upload dokumen di Portal Coretax responsif,positif
174,Coretax DJP recommended buat semua wajib pajak,positif
175,Update terbaru Sistem Coretax sudah diperbaiki dan jauh lebih stabil,positif
176,Puas banget pakai Sistem Coretax lapornya jadi senang,positif
177,Fitur Coretax modern dan terintegrasi,positif
178,Proses upload dokumen di Sistem Coretax efisien,positif
179,Portal Coretax jauh wajib coba dari e-filing lama,positif
180,Update terbaru Portal Coretax progress dan jauh lebih stabil,positif
181,Puas banget pakai Sistem Coretax lapornya jadi membantu,positif
182,Coretax tampilannya modern pol keren DJP,positif
183,Server Coretax DJP efisien banget pagi ini,positif
184,Aplikasi Coretax wajib coba buat semua wajib pajak,positif
185,Ada progress Sistem Coretax progress sekarang,positif
186,Puas banget pakai Coretax lapornya jadi memudahkan,positif
187,Sistem Coretax tampilannya modern pol keren DJP,positif
188,Server Portal Coretax efisien banget pagi ini,positif
189,Sistem Coretax jauh lebih baik dari e-filing lama,positif
190,Ada progress Coretax sudah diperbaiki sekarang,positif
191,Sistem Coretax sangat membantu pelaporan pajak saya,positif
192,Coretax tampilannya modern pol keren DJP,positif
193,Server Sistem Coretax responsif banget pagi ini,positif
194,Coretax wajib coba buat semua wajib pajak,positif
195,Ada progress Aplikasi Coretax sudah diperbaiki sekarang,positif
196,Coretax sangat membantu pelaporan pajak saya,positif
197,Fitur Portal Coretax bagus dan terintegrasi,positif
198,Server Coretax responsif banget pagi ini,positif
199,Coretax lebih baik buat semua wajib pajak,positif
200,Update terbaru Portal Coretax progress dan jauh lebih stabil,positif
201,@kring_pajak  Pagi Min Mau tanya saya dapat Faktur Pajak Fisik dari Lawan Transaksi dengan nomor yang berbeda ketika saya lihat di coretax namun ketika saya Download PDF atas Faktur Pajak tersebut sesuai dengan fisiknyaapakah masih bisa dikreditkan Faktur Pajak Tersebut? Thanks,netral
202,@kring_pajak  ka mau tnya saya mau buat pembetulan SPT PPh Masa Jan krn ada kesalahan input jenis pasal PPh yg berakibat adanya lbh bayar  1 Trs saya mau mengajukan PBKnya apakah melalui coretax atau msh bisa secara manual (tulis surat ke KPP) ka?,netral
203,Oh iya trs utk pph final bulan juli kemarin saya sudah bayar dan saya cek di coretax billingnya masih tertunggak Tolong atur dulu,netral
204,Kak untuk lewat efaktur dekstop kan tidak ada satuan unit di faktur pajaknya itu bagaimana ya?  Karena di efaktur dekstop kan tidak ada dan tidak support untuk keterangan satuan tetapi di cek coretax bagian satuannya otomatis terisi dengan satuan lainnya,netral
205,Ayo kejar Coretax!,netral
206,Hai Kak Deposit Pajak dapat digunakan untuk pembayaran tunggakan pajak yang Wajib Pajak miliki ya Kakak dapat mengaksesnya pada akun Coretax dengan mengikuti langkah-langkah sebagai berikut: a Pilih modul Pembayaran b Pilih Pembuatan Billing atas Tagihan Pajak c Pilih,netral
207,#KawanPajak Mulai 2026 pelaporan SPT Tahunan PPh 2025 dilakukan lewat Coretax DJP Setelah aktivasi akun buat Kode Otorisasi/Sertifikat Digital (KO/SD) untuk menandatangani SPT Caranya? Login ke Coretax DJP > Portal Saya > Permintaan KO/SD,netral
208,@kring_pajak  min aku ada retur 2025 masukan atas referensi FP 2024 tapi status FP di coretax masih Approved padahal di efaktur desktop sudah terkreditkan Solusinya apa ya min?,netral
209,Hai Kak  Apakah yang dimaksud bukti potong A1 untuk tahun pajak 2025?    Notifikasi """"NIK invalid"""" pada laman Coretax disebabkan karena atas NIK tersebut belum pemadanan/belum aktivasi NIK sebagai NPWP/belum registrasi akun Coretax  Apabila lawan transaksi telah memenuhi,netral
210,Nah kalau impor xml kan detail transaksinya kita yang input sendiri nih kak di xml terus baru diimpor ke coretax Maksud saya dengan cara seperti itu apakah data yang saya input tetap tervalidasi/connect/ngelink dengan data yang ada di djbc?,netral
211,@kring_pajak  apa perbedaan kode jasa 160100 dengan kode jasa 16101 pada coretax? Lalu jika saya mau menerbitkan FP atas jasa manajemen menggunakan kode jasa yg mana ya? Tks,netral
212,Hai Kak Mohon maaf atas ketidaknyamanannya Taxmin ralat informasi pada jawaban sebelumnya ya Kak Untuk saat ini belum tersedia fitur untuk melakukan unduh bukti potong PPh Unifikasi secara masal pada aplikasi Coretax  Tks*Isto,netral
213,Hai Kak Jika mengalami kendala seperti itu maka artinya NIK telah terdaftar sebagai NPWP di Coretax Penjelasan selengkapnya telah ada di balasan tweet di bawah ini ya Kak  Tks*Amma,netral
214,24 Juni 2025 – KPP Pratama Bengkalis bersama KP2KP Duri mengadakan sosialisasi Coretax DJP bagi Bendahara Pemerintah Kecamatan Talang Muandau Kegiatan ini jadi bagian dari upaya peningkatan layanan perpajakan di wilayah Kabupaten Bengkalis 1/3,netral
215,@kring_pajak  selamat siang izin menanyakan bagaimana cara input BPN atas pembayaran VAT OS sebagai FP yang dipersamakan sebagai faktur pajak masukan di coretax? Terima kasih,netral
216,Jika bukti potong sudah terbit artinya #KawanPajak siap untuk membuat dan melaporkan SPT Tahunan Tahun Pajak 2025 melalui Coretax DJP Pelajari panduan lengkapnya di: http://skemenkeugoid/infocoretax,netral
217,Materi sosialisasi mencakup:  Pembuatan bukti potong  Proses pembayaran pajak  Pelaporan SPT Masa melalui sistem Coretax DJP Dengan pemahaman yang lebih baik diharapkan proses administrasi pajak berjalan lebih mudah dan akurat  2/3,netral
218,Hai Kak Notifikasi tersebut muncul karena NIK belum terdaftar dalam sistem Coretax Sehingga sistem memberikan opsi kepada Wajib Pajak untuk menggunakan TIN 9990000000999000 sebagai TIN sementara penerima penghasilan pada bukti potong PPh Pasal 21  Agar bukti potong dapat,netral
219,#KawanPajak bagi WP Badan dengan tahun buku yang tidak sama dengan tahun kalender (misalnya Agustus 2024–Juli 2025) pelaporan SPT Tahunan PPh Tahun Pajak 2025 sudah dilakukan lewat Coretax mulai Agustus 2025  Pastikan akun WP Badan dan PIC sudah aktif serta Kode Otorisasi DJP,netral
220,@kring_pajak  mau tanya apabila ada wp expat (wna punya npwp) berhenti bekerja dan meninggalkan indonesia juli 2025 Apakah wp op tsb harus menyampaikan spt tahunan pph tahun pajak 2025? Apakah npwp dapat diajukan NE? Bagaimana prosedurnya? Apakah bisa melalui coretax? Trims,netral
221,#KawanPajak bagi WP Badan dengan tahun buku yang tidak sama dengan tahun kalender (misalnya Agustus 2024–Juli 2025) pelaporan SPT Tahunan PPh Tahun Pajak 2025 sudah dilakukan lewat Coretax DJP mulai Agustus 2025,netral
222,Bertempat di KP2KP Sampang Kajari Sampang Ibu Fadilah Helmi SH MH CSSL didampingi Bpk Athur Maralaut Silalahi SH MH selaku Kasi Datun menghadiri sekaligus menjadi narasumber pada kegiatan Sosialisasi Sistem Inti Administrasi Perpajakan (coretax),netral
223,Ya Allah dekatkan lah hamba dengan pekerjaan yg gajinya besar job desc nya emang hamba jago sampe ngerasa gabut lingkungan kerjanya enak kerja nya wfa dan uang gajinya banyak yg bisa ditabung Aamiin Btw der kalo kamu kepikiran makan gaji buta gimana kalo kamu buat project gimuk kantor gimana? Misal buat tutorial utk proses kerja di divisi kamu atau accounting pegang coretax gasih? Kl pegang buat tutorialnya per-kode pajak gitu? Atau jadwal kegiatan divisi akunting kamu?,netral
224,Hai Kak  Untuk perekaman Dokumen Lain Pajak Keluaran di Coretax silakan dilakukan sesuai langkah berikut: 1 Login ke akun PIC jangan lupa untuk melakukan proses “Impersonate”,netral
225,#KawanPajak Mulai 2026 pelaporan SPT Tahunan PPh 2025 dilakukan lewat Coretax DJP Setelah aktivasi akun buat Kode Otorisasi/Sertifikat Digital (KO/SD) untuk menandatangani SPT Caranya? Login ke Coretax DJP > Portal Saya > Permintaan KO/SD  Simak langkah lengkapnya berikut!,netral
226,@kring_pajak  min jika Suami Pekerja Bebas dan Istri manjadi PIC Coretax di Badan Usaha selama ini memiliki NPWP masing2 untuk penggabungan NPWPnya bagaimana ya caranya? Apakah setelah NPWP digabungkan istri masih bisa menjadi PIC di Badan Usaha?,netral
227,@kring_pajak  2 apakah bisa dilakukan PBK PPh final atas penjualan tanah tahun 2023 apabila SSP sudah divalidasi oleh sistem DJP Jika bisa dilakukan untuk pengajuan lewat coretax atau langsung ke KPP? -cont,netral
228,Lebih awal lebih nyaman! Temankeu pelaporan SPT Tahunan bagi WP Pribadi atau Badan sudah dapat dilakukan melalui Coretax DJP https://coretaxdjppajakgoid/ @ditjenpajakri Jangan lupa aktifkan akun Coretax dan membuat Kode Otorisasi/Sertifikat Digital (KO/SD) untuk menandatangani SPT,netral
229,Hai Kak  Silakan login menggunakan akun PIC kemudian impersonate ke wajib pajak instansi pemerintah untuk menerbitkan bukti potong ya Kak Pastikan PIC sudah membuat Kode Otorisasi (KODJP) di akun coretax pribadinya Pembuatan kode otorisasi atau sertifikat elektronik hanya,netral
230,Hai Kak Perubahan data berupa pihak terkait seharusnya tidak mempengaruhi fitur eBupot Silakan dipastikan apakah sudah login menggunakan akun Coretax PIC (atau pihak yang sudah diberi akses untuk pembuatan bukti potong penandatanganan dsb) lalu impersonate akun Coretax Badan,netral
231,Mulai 2026 pelaporan SPT Tahunan Tahun Pajak 2025 dilakukan lewat sistem Coretax DJP Setelah aktivasi akun wajib pajak wajib memiliki KO/SD (Kode Otorisasi/Sertifikat Digital) untuk bisa menandatangani SPT secara elektronik,netral
232,No excuse di era coretax wajib hukumnya rutin cek portal dokumen karena surat cinta sudah dikirim dan terekam disana negara mana mau tau fisik surat diterimanya kapan pokoknya yang penting WP bayar bayar bayarrrr~,netral
233,Min untuk penonaktifannya di coretax boleh diinfokan caranya?,netral
234,@kring_pajak  nanya ya:  Untuk pembuatan NPWP baru untuk WP Badan apakah sudah bisa via Coretax dan diwakilkan oleh Kuasa dari Pengurus ? Mohon info dan dasar hukum ya  Makasih,netral
235,Sudah Lapor SPT belum? Kalau dapat notifikasi dari DJP nggak perlu panik ya #KawanPajak Anggap saja ini pengingat baik supaya urusan SPT-nya bisa segera beres Pelan-pelan satu per satu sampai tuntas Sebelum lapor pajak via Coretax yuk cek dulu:,netral
236,halo! @urmatchao open jasa lapor SPT - SPT Tahunan WP OP & BADAN - Laporan Keuangan UMKM & BU - SPT Masa PPh Ps 21 23 25 4(2) PPN - Pembukuan Akuntansi - Aktivasi Coretax yang mau dibantu lapor SPT bisa DM/WA •ᴗ• 🔗 https://apiwhatsappcom/send/?phone=6289525814872&text&type=phone_number&app_absent=0 #jasalaporspt #jasalaporpajak,netral
237,Annual Income Tax Return filing for Tax Year 2025 must be done via Coretax starting August 2025  Make sure both company and PIC accounts are active and the DJP Authorization Code (KODJP) has been created and validated,netral
238,Hai Kak  Apakah transaksi yang dimaksud terkait pemanfaatan Jasa Luar Negeri di dalam daerah pabean?  Jika iya untuk pembuatan billing PPN JLN/BKPTB silakan menggunakan kode KAP-KJS 411212-101 Kode billing dapat dibuat melalui Coretax pada menu Pembayaran > Layanan Mandiri,netral
239,Halo min saya mau di coretax ada menu permohonan pemindahbukuan dalam hal ini saya ada kelebihan pembayaran di pph unifikasi karena ada pembetulan apakah saya bisa menggunakan fitur berikut seperti pada gambar? Atau tidak? Mohon pencerahannya  @kring_pajak,netral
240,#KawanPajak apakah sudah aktivasi akun Coretax DJP? Yuks siapkan diri untuk pelaporan SPT Tahunan PPh 2025 yang akan dilakukan melalui Coretax DJP Aktivasi akun cukup mudah terutama bagi kamu yang sudah punya NPWP 16 digit dan akun DJP Online   Simak selengkapnya pada-,netral
241,lapor spt di akuu aku bantu perhitungannya dan jugaa aku share file laporannya walaupun pakai eForm barusan selesai pelaporan SPT freelance+pegawai #laporspt #npwp #spt #coretax #zonauang #zonajajan,netral
242,Berarti jika masuk otomatis dari sistem coretax ke bagian penghasilan CV boleh dihapus ya kak,netral
243,Ada mutual yg kerja di bagian admin dan bs make coretax g ya?,netral
244,Nah hallo coretax !!!,netral
245,Dalam  rangka menyukseskan pelaksanaan sistem perpajakan digital nasional  Mahkamah Agung Republik Indonesia melalui Badan Urusan Administrasi  menyelenggarakan rapat koordinasi pelaksanaan Coretax dan Aplikasi Gaji  Web,netral
246,Hai Kak Terkait status error ketika mengimpor file xml Bukti potong A1 di Coretax dipastikan terlebih dahulu: 1 Template excel impor XML diunduh di http://pajakgoid/reformdjp/coretax… pilih Bukti Pemotongan A1 (BPA1)  2 Untuk NPWP Pemotong adalah NPWP 16 digit dari NPWP Pemotong di,netral
247,@kring_pajak jadi saya melakukan pembetulan nominal gaji bruto PPh 21 dari Jan sd Juni sekalian pembetulan utk yg baru regist coretax Di bulan Juni terdapat beberapa karyawan yg resign termasuk yg baru regist coretax itu Pada saat saya membuat bupot A1 di konsep SPT BPA1 - @kring_pajak - kolom penghasilan bruto yg baru regist coretax itu nominalnya berbeda dengan perhitungan saya padahal sebelumnya sudah saya buatkan bupot BPMP yg baru yg NIKnya sudah teregist bukan pake NPWP 999000 itu lagi Bagaimana solusinya ya kak? -,netral
248,Halo  @kring_pajak   Dikolom faktur pajak keluaran pada saat sy upload faktur pajak nama penandatanganan biasanya nama direktur Ini berubah menjadi nama perusahaan   Faktur upload hr ini namanya kembali jd nama direktur  Apakah terjadi perubahan pada sistem coretax?,netral
249,Melalui kegiatan ini KPP Pratama Bengkalis berharap dapat mendorong kepatuhan dan ketertiban pelaksanaan kewajiban perpajakan oleh aparatur kecamatan demi mendukung pembangunan daerah  #pajakbengkalis #pajakriau #coretax #pajak 3/3,netral
250,Harusnya ini yg di quote https://tco/Tqlt5TswmR Nope jangan kasih engagement ke akun caper,netral
251,@kring_pajak  : Bgmn langkah membuat FP dengan kode NoSeri 090 di coretax? Bgmn mengisinya di Coretax untuk DPP dan PPN nya? Apakah perlu centang DPP Nilai lain agar PPN nya bisa 11%? Terima kasih,netral
252,@kring_pajak  selamat siang Pak/Bu ingin bertanya jika sudah mengajukan pencabutan pkp di coretax apakah bisa langsung mengajukan non aktif npwp?,netral
253,@kring_pajak hallo admin izin bertanya tentang lapor SPT Tahunan orang pribadi Istri PNS dan suami non PNS Pada saat mau buat konsep SPT ternyata penghasilan istri tidak masuk di coretax suami tapi masuk di coretax istri yang sudah non aktif cara melaporkan nya gimana ya?,netral
254,Hai Kak  Untuk melihat detail daftar riwayat pembayaran dapat dicek pada menu Buku Besar dari laman Coretax Kakak dapat gunakan tombol """"Terapkan Filter"""" Selain menggunakan filter berupa NTPN untuk mencari data pembayaran Kakak juga bisa mengecek di Buku Besar Coretax dengan,netral
255,DJP menyediakan simulator pengisian SPT Tahunan Pajak Penghasilan (PPh) via coretax Simulator ini disediakan sebagai salah satu sarana edukasi pengisian SPT Tahunan PPh bagi wajib pajak,netral
256,Halo #KawanPajak 👋 Berikut tata cara Login Akun Coretax jika NIK sudah terdaftar yaa! Yuk segera lapor SPT Tahunan kamu melalui Coretax! #RenjaniMengabdi #KamiDampingiSampaiBerhasil @pajak_sleman,netral
257,#KawanPajak pada dasarnya aktivasi akun Coretax bisa dilakukan kapan saja sebelum Kawan Pajak menggunakan layanannya Imbauan untuk melakukan aktivasi \segera\"" bertujuan untuk mitigasi agar sebelum batas waktu lapor SPT Tahunan kita semua tidak menumpuk di satu waktu (2/4) Demi kenyamanan kita bersama #KawanPajak tidak perlu antre berjam-jam ya aktivasi akun & pembuatan Kode Otorisasi Coretax bisa dilakukan secara MANDIRI dari rumah! 🏠💻 Cek panduannya di tautan berikut: http://tkemenkeugoid/akuncoretax (3/4),netral
258,Hai Kak Untuk mekanisme uang muka (barang non mewah) di sistem coretax silahkan centang uang muka terlebih dahulu pada saat pembuatan Faktur Pajak Keluaran dan ketika Kakak menambahkan detail barang/jasa untuk harga satuan silahkan diisikan sesuai dengan nilai kontrak yang,netral
259,Coretax mnyetttt tolol,netral
260,#KawanPajak bagi WP Badan dengan tahun buku yang tidak sama dengan tahun kalender (misalnya Agustus 2024–Juli 2025) pelaporan SPT Tahunan PPh Tahun Pajak 2025 sudah dilakukan lewat Coretax mulai Agustus 2025,netral
261,Selama ini istri sudah jadi PIC di Coretax min jika kita nonaktifkan NPWP dan digabungkan ke Suami berarti PIC di Badan Usaha ga otomatis ilang kan min?,netral
262,coretax kalo spt per 2025 dibawah itu mah masih manual surat,netral
263,Hai Kak Bagi istri yg hak dan kewajiban perpajakannya gabung dengan suami dan diberikan role access oleh WP Badan tetap dapat melakukan pekerjaannya sesuai dengan role yang diberikan ya Kak Untuk akun Coretax yang digunakan juga tetap dapat menggunakan akun Coretax istri yang sudah diaktivasi walaupun status NPWP istri tetap nonaktif karena gabung suami Tks*Ufal,netral
264,Pendapat dari sudut lain: Bahwa banyak komplain thd implementasi Coretax itu fakta lapangan yang tak perlu diperdebatkan Saat ini DJP jg terus membenahi dan melaporkan secara rutin ke publik Ini patut dihargai Masih ada bbrp kendala yg belum selesai dan butuh akselerasi agar WP tdk mengalami kerugian semakin besar,netral
265,Hai Kak Jika yang dimaksud data faktur pajak masukkan tidak muncul di coretax silahkan pastikan menu filter di faktur pajak masukkan tidak ada yang aktif ya kak  Terkait NPWP 15 digit tampilannya sudah benar kak  Tks*Eyto,netral
266,Hai Kak  Pastikan pada saat melakukan tambah transaksi untuk mengisi detail BKP sudah memilih tipe Barang dan nama Barang sehingga untuk satuan ukur Kilogram (Kg) akan tersedia di sistem coretax  Tks*Eita,netral
267,Hai Kak Apakah yang Kakak maksud pembetulan SPT tahun pajak 2025 di Coretax ? Jika iya maka pada saat klik bayar dan lapor tidak ada pilihan deposit artinya sisa saldo deposit tidak mencukupi untuk membayar kekurangan pembayaran pada SPT pembetulan tersebut Jika Kakak ingin menyetor kekurangan pembayaran pada SPT pembetulan melalui pemindahbukuan maka silakan lanjutkan pelaporan SPT dengan klik bayar dan lapor untuk menerbitkan billing Kemudian silakan tambahkan saldo deposit terlebih dahulu dengan penambahan sebanyak atau lebih dari nilai kekurangan pembayaran pada SPT dengan menggunakan billing deposit Selanjutnya silakan dilakukan pemindahbukuan pembayaran deposit tersebut melalui menu Pembayaran > Permohonan Pemindahbukuan Pada data sumber pemindahbukuan silakan pilih data deposit yang sebelumnya dibayarkan dan pada tujuan pemindahbukuan silakan pilih Tujuan yaitu Akun Wajib Pajak dan Jenis Kewajiban yaitu SPT Pastikan jumlah nilai pemindahbukuan sesuai dengan nilai yang terutang Tks*Mmin,netral
268,Semisalnya penagihan 1 minggu Rp 65019000 dengan PPN Rp 715090 total Rp 72171090 Secara teknis faktur keluaran dalam Coretax harus memakai kode tranksaksi 03 atau 04?,netral
269,Di isikan piringku pake babi rempah ajaaaa om coretax ben di pikir Mpok Sri dewe😁,netral
270,@kring_pajak minn mau tanya saya kan mau bayar PPN dan mau buat e-billing di coretax seperti biasanya tapi tidak muncul kode 411211-100 untuk PPN nya itu kenapa ya min?,netral
271,@kring_pajak  min bgaimana cara melakukan pemindahbukuan di coretax? Sy salah setor utk tahun pajaknya harusnya 2025 tapi billingnya terbuat 2026 dan sdh setor Ini utk PPN KMS & angsuran pph 25 Mohon tutornya,netral
272,Hai Kak Boleh dijelaskan lebih detail terkait yang dimaksud atas pembayaran VAT OS ? Secara umum penginputan BPN atas pembayaran FP yang dipersamakan sebagai faktur pajak dapat diinput melalui menu efaktur > Dokumen Lain Pajak Masukan pada aplikasi Coretax DJP Kakak dapat,netral
273,@kring_pajak  halo saya sudah melakukan SPT pembetulan PPN di coretax dan sudah muncul di dasbor kompensasi tp angka LBnya belum muncul2 juga di SPT masa juni (saya sudah coba posting ulang SPT berkali2) bagaimana ya solusinya?,netral
274,Hai Kak  Tidak terdapat perbedaan tata cara pengisian faktur pajak baik melalui aplikasi e-faktur desktop maupun  melalui coretax tata cara pengisian faktur pajak tetap mengacu pada ketentuan Lampiran PER 11/PJ/2025 pada halaman 285   huruf b  Tks*Wara,netral
275,🚨 PERHATIAN! SPT Tahunan 2025 Wajib Pakai Coretax DJP! 🚨 Mulai Tahun Pajak 2025 (yang dilaporkan Maret/April 2026) seluruh administrasi perpajakan wajib melalui https://coretaxdjppajakgoid/,netral
276,Hai Kak Untuk pelaporan SPT Masa PPN yang tepat waktu maupun terlambat keduanya dapat dilaporkan melalui Coretax ya Kak Berikut tutorial untuk pelaporan PPN status kurang bayar https://youtubecom/watch?v=8kOBPii1eLc… Berikut tutorial untuk pelaporan PPN status Nihil,netral
277,Hai Kak  Taxmin konfirmasi terlebih dahulu VATOS yang dimaksud seperti apa ya kak?  Apabila yang dimaksud adalah PPN Jasa Luar Negeri maka berikut tatacara input di Coretax Pada menu eFaktur pilih Dokumen Lain Pajak Masukan pilih Prepopulated Data Pembayaran (Create From,netral
278,Lapor SPT Coretax Reksa Dana Harta : Nilai Perolehan dan Nilai Pasar Lapornya per Reksa Dana BUKAN PER AGEN PENJUAL / MANAJER INVESTASI Penghasilan Bukan Objek Pajak : Keuntungan dari Redemption Switching dan Bagi Hasil,netral
279,@kring_pajak  halo min bagaimana cara membuat faktur pajak keluaran yang digunggung pada coretax?,netral
280,#KawanPajak Kamis (5/2) sebanyak lebih dari 200 insan kehumasan dari kementerian/lembaga dan pemerintah daerah wilayah Jabodetabek berkumpul dalam Forum Tematik Bakohumas DJP dan Kementerian Keuangan untuk memperdalam pemahaman pelaporan SPT Tahunan Tahun Pajak 2025 via Coretax,netral
281,Hai Kak Silakan pastikan faktur pajak keluaran statusnya sudah Approved di dashboard pajak keluaran ya Kemudian klik posting SPT (di bawah header induk SPT) hingga tertanggal pada saat proses posting dilakukansebelum mengakses Coretax silakan: 1 Clear cache & cookies pada,netral
282,Hai Kak  Apakah yang dimaksud Kakak adalah saat ini sudah melakukan pembayaran atas kode billing PPh Pasal 21 namun status SPT masih menunggu pembayaran? Jika iya apabila atas kode billing yang telah Kakak bayar sudah keluar NTPN tetapi status SPT di Coretax masih masuk di,netral
283,Hai Kak Untuk mendapatkan Bukti Penerimaan Negara (BPN) tersebut silakan dapat melakukan konfirmasi ke lawan transaksi ya Kak Dalam hal ini SSP tersebut belum tersedia pada coretax pihak penjual  Tks*Okni,netral
284,Hai Kak  Taxmin konfirmasi terlebih dahulu Apakah sudah dipastikan data kompensasi dari SPT Masa PPh Pasal 21 pembetulan yang dimaksud telah masuk di menu “Surat Pemberitahuan (SPT)-Dasbor Kompensasi” pada Coretax DJP? Dan apakah SPT Masa PPh Pasal 21 yang Kakak akan laporkan,netral
285,Hai Kak  Apakah WNA tersebut masih berstatus sebagai Subjek Pajak Dalam Negeri (SPDN)?  Jika iya atas Orang Pribadi tersebut silakan setor sendiri PPh Final atas Pengalihan Tanah dan/atau Bangunan dengan membuat kode billing melalui Coretax dengan cara: 1 Login ke laman,netral
286,Rakor Coretax Digelar PA Kediri Siap Berbenah dan Berkobar  Kediri 14 Juli 2025 ==> https://pa-kedirigoid,netral
287,@kring_pajak  pagi admin mau tanya untuk melakukan laporan perhitungan angsuran pph pasal 25 di coretax bagaimana? tolong jelaskan untuk menu atau tutorial di coretax,netral
288,FULL Cara Lapor SPT Tahunan Pribadi di Coretax ~ Batas Akhir Pelaporan S https://wwwyoutubecom/watch?si=sWT9udIi5rGk69CX&v=k40OCwOK974&feature=youtube via @YouTube,netral
289,Hai Kak Dengan ini disampaikan bahwa Wajib Pajak Orang Pribadi (WPOP) WNI yang dapat dibuatkan bukti potong A1 di Coretax adalah WPOP yang NIK-nya telah terdaftar NPWP/registrasi pada Coretax dan WPOP yang sebelumnya memiliki NPWP 15 digit serta sudah melakukan pemadanan NIK,netral
290,Kalau di template file impor coretax memang ga ada kode objek pajak 21-100-11 ya kak?,netral
291,Hai Kak  Dapat diinformasikan sejak penggunaan Aplikasi Coretax Wajib Pajak menggunakan kode Otorisasi DJP atau pihak ketiga penyedia jasa penandatangan elektronik sebagai media penandatanganan dokumen elektronik  Apabila kakak menggunakan Kode Otorisasi DJP maka kakak cukup,netral
292,#KawanPajak berprofesi sebagai karyawan/pegawai? Pastikan Bukti Potong PPh Pasal 21 (BPA1 untuk karyawan swasta/BPA2 untuk ASN/TNI/Polri) sudah tersedia yaaa!   Simak cara ceknya pada infografis di atas👆🏻,netral
293,Hai Kak Untuk mekanisme impor xml sistem akan tetap melakukan validasi atas isian pada template saat proses posting ke coretax Pastikan kolom - kolom pada xml yang akan diimpor telah diisi sesuai ketentuan Tks*Awan,netral
294,Lu pasti pilih dia juga kan sesama bloon Pemilih bloon pilih pejabat bloon,netral
295,Hai Kak  Sepanjang PIB tersebut termasuk dalam daftar pajak masukan yang tidak dikreditkan atau yang mendapat fasilitas maka silakan input secara manual di Coretax melalui menu e-Faktur > Dokumen Lain Pajak Masukan > pilih """"Buat Dokumen Lain Masukan"""" > Input Data dan untuk,netral
296,#KawanPajak Mulai 2026 pelaporan SPT Tahunan PPh 2025 dilakukan lewat Coretax DJP Setelah aktivasi akun buat Kode Otorisasi/Sertifikat Digital (KO/SD) untuk menandatangani SPT Caranya? Login ke Coretax DJP > Portal Saya > Permintaan KO/SD,netral
297,Hai Kak Sebagaimana tweet sebelumnya terkait pembuatan faktur keluaran (termasuk faktur dengan kode 07 atas transaksi dengan Kawasan berikat) di Coretax dapat menggunakan 2 cara yakni input manual pada menu Efaktur > Pajak Keluaran > Buat Faktur atau menggunakan skema impor XML Untuk template excel impor XML dapat Kakak unduh pada laman https://tco/uTK0qG5Emr Tks*Anto,netral
298,#KawanPajak apakah sudah aktivasi akun Coretax DJP? Yuks siapkan diri untuk pelaporan SPT Tahunan PPh 2025 yang akan dilakukan melalui Coretax DJP Aktivasi akun cukup mudah terutama bagi kamu yang sudah punya NPWP 16 digit dan akun DJP Online,netral
299,Stop bilang wowo sama gibran ga tau apa2 mereka ada hp bisa akses berita sosmed apa kalau bener ga tau apa2 lu pada nyoblos org tolol dong,netral
300,Hai Kak Dokumen bukti potong yang diterbitkan oleh pemberi kerja kepada karyawan (penerima penghasilan) akan otomatis masuk ke akun coretax pribadi penerima penghasilan tersebut pada menu Portal Saya kemudian pilih Dokumen Saya  Kemudian silahkan Kakak klik “Hasilkan,netral
301,@kring_pajak  halo ka id billing ppnjln sudah benar memasukan masa Juni 2025 tapi kenapa di coretax masa pajak juli ya dan ini ke lock gabisa di edit?,netral
302,Hai Kak Jika yang kakak maksud terkait bukti potong PPh 26 tanpa menggunakan tarif P3B maka pada kolom Nama Fasilitas dipilih tanpa fasilitas Namun jika mau menggunakan fasilitas P3B maka harus mengajukan Form DGT terlebih dahulu baru mengajukan E-SKD melalui coretax,netral
303,#KawanPajak Mulai 2026 pelaporan SPT Tahunan PPh 2025 dilakukan lewat Coretax DJP Setelah aktivasi akun buat Kode Otorisasi/Sertifikat Digital (KO/SD) untuk menandatangani SPT Caranya? Login ke Coretax DJP > Portal Saya > Permintaan KO/SD,netral
304,Hai Kak Jika yang dimaksud merupakan Riwayat pelaporan SPT Tahunan PPh Orang Pribadi Tahun Pajak 2024 maka Kakak dapat mengecek Riwayat pelaporan tersebut di akun coretax kakak pribadi pada menu Surat Pemberitahuan > Surat Pemberitahuan > SPT Dilaporkan Silahkan dipastikan,netral
305,📢 Perubahan Sistem Pelaporan Pajak Kini pelaporan pajak dilakukan melalui Coretax Bukan lagi melalui e-Filing Pastikan Anda menggunakan sistem yang terbaru untuk menghindari kendala saat pelaporan 🥨 https://coretaxdjppajakgoid/,netral
306,Kamis (13/11) Mengawali pagi dengan langkah edukatif KPP Pratama Tarakan menyelenggarakan kegiatan edukasi Coretax SPT Tahunan bagi Wajib Pajak Badan di Aula Tengkayu (1/3) Acara yang berlangsung mulai pukul 0900 hingga 1130 WITA ini menghadirkan penjelasan komprehensif mengenai proses pelaporan SPT Tahunan melalui sistem Coretax serta dengan pendampingan dan praktik langsung bagi para peserta (2/3),netral
307,#KawanPajak yuk pahami lebih dekat perlakuan penghasilan istri di Coretax DJP! Tahukah kamu? Status NPWP suami dan istri bisa digabungkan atau dipisah lho melalui ketentuan pisah harta (PH) dan memilih terpisah (MT) Ini memudahkan pelaporan pajakmu sesuai kondisi,netral
308,mungkin solusi lebih baiknya adalah coretax dialihkan fungsi menjadi aliran musik  @DitjenPajakRI  @kring_pajak,netral
309,10 Juli 2025 kuliah umum seru bareng #EnforceA & SWINS:  """"Sinergi Mahasiswa & UMKM di Era Pajak Digital""""  Rifki Saputra SST Pa MAk BKP bakal kasih insight soal Coretax DJP & cara efisien ngurus pajak di dunia digital!   #PajakDigital #SWINS #UMKM #Coretax #Tax,netral
310,Hai Kak    Perubahan pengurus Wajib Pajak Badan dapat dilakukan melalui Coretax Jika ingin mengubah data pengurus silakan ikuti langkah berikut:   1 Silakan login ke akun coretax Badan   2 Pilih menu Portal Saya > Pilih Profil saya pilih submenu “Informasi Umum” lalu pilih “Edit”   3 Di submenu “Pihak Terkait\ silakan memilih/menambahkan pengurus baru serta disesuaikan jabatannya sesuai dengan kepengurusan badan yang baru   4 Jika pengurus baru yg akan didaftarkan belum ada di list Pihak Terkait silakan pilih “Tambah” utk menambahkan lalu jenisnya pilih sebagai related person centang \""Apakah PIC?\"" jika mau dijadikan PIC lalu isi data-datanya kemudian klik save   5 Jika ingin memindahkan PIC ke orang yg namanya sudah ada di list pilih “Edit” di orang yg akan dipilih pastikan orang yang dipilih jenisnya merupakan related person lalu centang \""Apakah PIC?\""   6 Pastikan juga PIC baru sudah dapat login ke akun coretax OP   7 Setelah berhasil mengubah  data pengurus/PIC di sub menu Pihak Terkait tersebut silakan pastikan data-data lain termasuk di data informasi umum sudah diisi dengan benar lalu centang pernyataan dan klik tombol submit    Untuk perubahan data melalui KPP  dapat diajukan dengan mengisi formulir perubahan data serta melampirkan dokumen pendukung yang menunjukkan adanya perubahan data Format surat permohonannya dapat dilihat pada Lampiran PER-7/PJ/2025 ya Kak    Tks*Sila,netral
311,coretax @syafaespa,netral
312,@kring_pajak selamat pagi admin dibantu sy mau melaporkan pph 21 perusahaan dan masuk melalui coretax direktur tetapi akun perusahaan tidak bisa diklik/ masuk mohon bantuannya 🙏,netral
313,#KawanPajak KPP Pratama Purbalingga memberikan edukasi coretax kepada 9 desa di Kecamatan Pagedongan Kab Banjarnegara pada Rabu (16/07)  Edukasi coretax kepada para bendahara desa ini menitikberatkan pada materi pembuatan bukti potong pajak pembayaran dan pelaporan SPT masa,netral
314,Apakah kecipratan juga? Kok belain? @KPK_RI @KejaksaanRI,netral
315,Hai Kak  Pembayaran pajak pada SPT Unifikasi di Coretax merupakan satu kesatuan dengan penyampaikan SPT Sesuai dg PMK 81 Tahun 2024 Pasal 109 ayat (3) pembayaran pajak sebagai satu kesatuan dengan penyampaian Surat Pemberitahuan (SPT) tidak dapat diajukan Pemindahbukuan,netral
316,Hai Kak Riwayat pembayaran dapat dilihat di menu buku besar di coretax ya Kak  Tks*Muna,netral
317,Hai Kak Pembetulan SPT di coretax pada umumnya menggunakan skema delta SPT termasuk SPT Masa PPN yaitu mencatat selisih antara nilai KB/LB pada SPT normal dengan nilai KB/LB yang seharusnya pada SPT pembetulan  Dalam hal SPT menghasilkan nilai LB kompensasi maka nilai,netral
318,Unaaha 15 Juli 2025 || Rapat koordinasi pelaksanaan coretax dan aplikasi gajiweb secara virtual diikuti oleh Kasubbag Umum & Keuangan serta Bendahara Pengadilan Agama Unaaha Kelas IB #rapat #koordinasi #coretax @Humas_MA  @DitjenBadilag,netral
319,ada yang bisa bantu lapor pajak 21 di coretax ga #zonauang,netral
320,Jika bukti potong sudah terbit artinya #KawanPajak siap untuk membuat dan melaporkan SPT Tahunan Tahun Pajak 2025 melalui Coretax DJP Pelajari panduan lengkapnya di: http://skemenkeugoid/infocoretax,netral
321,🔑 Ini dia kuncinya: Aktivasi Akun Coretax! segera aktifkan akun di https://coretaxdjppajakgoid/ Aktivasi Akun Coretax Urusan Pajak Makin relax! Cek panduannya: http://tkemenkeugoid/akuncoretax,netral
322,Min @kring_pajak PT A memakai jasa iklan perusahaan LN (singapura) dan mereka sdh punya form DGT dan COR PT A mengajukan SKD DGT di coretax lalu buat bukpot pph 26 dengan tarif 20% atau 0% min? Karena yg di sebutkan di tax treaty indo-singapura hanya deviden bunga royalti min,netral
323,Its called 💫✨️𝓐𝓰𝓲𝓷𝓰✨️💫,netral
324,Ini dia hal-hal yang perlu #KawanPajak siapkan sebelum lapor SPT Tahunan lewat Coretax: 1 Aktivasi Akun Coretax Pastikan #KawanPajak sudah berhasil login ke Coretax 2 Buat Kode Otorisasi Kode Otorisasi berupa Passphrase ini digunakan untuk submit SPT Tahunan Jangan lupa ya!,netral
325,Hai Kak  Apakah yang dimaksud adalah membuat faktur pajak pengganti? Jika iya saat ini faktur pajak pengganti dapat dibuat melalui coretax ya kak  Tks*Rika,netral
326,@kring_pajak  selamat pagi kring pajak mau tanya terkait nota retur pajak keluaran ini sudah terbit perlu klik apa2 dulu ga seperti desktop efaktur sblmnya apa sudah otomatis motong di coretax ini?,netral
327,Bencong whiplash,netral
328,Sebelum lapor pajak via Coretax yuk cek dulu: ✅ Pastikan akun Coretax sudah aktif (bisa login) ✅ Sudah pegang Kode Otorisasi DJP (KO DJP) atau Sertifikat Elektronik ✅ Siapkan Bukti Potong (A1 untuk Swasta A2 untuk ASN/TNI/Polri) ✅ Siapkan daftar Harta & Utang,netral
329,Hai Kak Apakah yg Kakak maksud pembubuhan e-meterai melalui aplikasi coretax? Jika iya Pembubuhan e-meterai tidak dapat dilakukan di aplikasi coretax Pembelian dan pembubuhan e-meterai dapat dilakukan melalui laman http://e-meteraicoid Tks*Tian,netral
330,Kurang dilaporkan min jadi harus pembetulan Kalau memang via coretax  akses nya bagaimana ya ?,netral
331,Hai Kak Retur pajak masukan pada sistem Coretax hanya dapat direkam pada data Pajak Masukan dengan status pengkreditan CREDITED/UNCREDITED  Jika Pajak Masukan tersebut belum dikreditkan silakan pilih (berikan ceklis) pada Pajak Masukan yang bersangkutan dan tekan tombol,netral
332,Hai Kak    Untuk pengecekan status NPWP Kakak dapat cek pada akun Coretax (http://coretaxdjppajakgoid) di menu Portal Saya -> Profil Saya  Pada menu Ikhtisar Profil Wajib Pajak terdapat Informasi Status Wajib Pajak     Selain itu untuk pengecekan status NPWP Kakak juga dapat,netral
333,Hai Kak  Apakah modul yang kakak maksud adalah aplikasi/akses untuk melakukan pelaporan SPT Tahunan PPh Badan di coretax?  Jika iya modul untuk SPT Tahunan PPh Badan saat ini belum tersedia ya Kak Silakan ditunggu sampai dengan periode pelaporan berlangsung  Tks *Osua,netral
334,Hai Kak Terkait pembuatan faktur dari efaktur desktop memerlukan beberapa saat untuk sinkronisasi di akun Coretax pembeli Silahkan cek kembali secara berkala ya Kak  Tks*Pata,netral
335,Hai Kak  Sebagai informasi pelaporan SPT Tahunan PPh tahun pajak 2025 di tahun depan akan dilakukan melalui laman Coretax DJP Oleh sebab itu untuk dapat melakukan pelaporan dan mendapatkan layanan melalui Coretax DJP harus terlebih dahulu melakukan aktivasi akun di laman,netral
336,Hai Kak Untuk pembuatan Faktur Pajak sejak berlakunya coretax jika pembeli adalah Orang Pribadi yang sudah memiliki NPWP maka silakan input identitas pembeli pada Faktur Pajak dengan menggunakan NIK pada kolom NPWP  Tks*Rari,netral
337,……gw baru daftar coretax,netral
338,Hai Kak   Untuk Orang Pribadi notifikasi tidak ditemukan pada laman http://coretaxdjppajakgoid saat membuat bukti potong disebabkan karena atas NPWP/ NIK tersebut belum pemadanan/belum aktivasi NIK sebagai NPWP/belum registrasi akun Coretax   Apabila pihak tersebut telah,netral
339,Point 5 mau brp kali kekz ga perlu hak pensiun loe tu ngabdi anjir,netral
340,Hai Kak Secara umum untuk kompensasi Lebih Bayar pada Coretax akan secara otomatis muncul di SPT masa pajak berikutnya dengan status normal yang belum terlapor Bisa dijelaskan perubahan kompensasi yg dimaksud untuk SPT apa dan perubahannya dikarenakan apa Kak? Secara ketentuan tidak diatur terkait surat pernyataan untuk perubahan kompensasi oleh DJP sehingga tidak ada prosedur penerbitan/permintaannya Silakan Kakak dapat mengonfirmasi ke KPP terdaftar terkait hal tersebut Alamat dan kontak kantor pajak dapat dilihat di laman https://tco/6cqctInCej Tks*Sang,netral
341,Haaayyy Open Jasa  - Pembetulan SPT - SPT masa 15 21 22 23 26 4 (2) Bulanan Unifikasi - Pembuatan Laporan Keuangan - Pembuatan Surat Keterangan Bebas Fiskal/Surat Keterangan Fiskal   #coretax   #zonauang   #jokipajak,netral
342,Kalau untuk badan/PT juga sama ya min harus registrasi coretax terlebih dahulu? 🙏🏻,netral
343,@kring_pajak  1 apakah bisa dilakukan PBK atas setoran PPh final atas penjualan tanah tahun 2019? Jika bisa dilakuan untuk pengajuan lewat coretax atau langsung ke KPP (untuk syarat dokumen apa saja yang dibawa)? -cont,netral
344,halo kak  terima kasih sudah menjawab spt ppn masa januari saya baru berhasil laporkan di awal maret karena saat itu saya sulit mengakses coretax jadi terlewat tanggal  dan sudah mendapat BPE  saya perlu lapor langsung ke kpp?,netral
345,Hai Kak  Dalam coretax yang menjadi PIC defaultnya adalah penanggung jawab utama perusahaan pada DJP Online   Pada dasarnya yang mewakili WP Badan untuk menjalankan hak dan kewajiban perpajakan adalah pengurus sesuai penjelasan di Pasal 32 UU KUP stdtd UU HPP  Sepanjang WNA,netral
346,Hai Kak  Mohon maaf atas ketidaknyamanannya Mohon cek kembali data yang Kakak isi pada file impor tersebut Mohon pastikan sudah menggunakan format XML yang terbaru dan sesuai dengan jenis bukti potongnya ya Kak Format dapat Kakak unduh melalui https://pajakgoid/reformdjp/coretax/template-xml-dan-converter-excel-ke-xml…,netral
347,Halo min jika tahun buku perusahaan saya Juli 2024 - Juni 2025 untuk SPT Tahunan badan 2024 apakah masih menggunakan e-form atau harus menggunakan coretax?  @kring_pajak  @PajakTanahAbng2,netral
348,@kring_pajak  min utk spt tahunan badan di coretax apa ada modulnya?,netral
349,Hai Kak  Wajib Pajak diberikan kesempatan untuk menyampaikan penjelasan atas SP2DK secara: 1 tatap muka langsung 2 tatap muka melalui media audio visual 3 tertulis  Untuk menyampaikan penjelasan melalui Coretax pastikan nomor kasus sudah muncul di akun Coretax Wajib Pajak,netral
350,Hai Kak Bisa ya Kak menggunakan template impor XML silahkan Kakak dapat mengunduh template impor faktur pajak keluaran pada laman berikut: https://pajakgoid/reformdjp/coretax/template-xml-dan-converter-excel-ke-xml…  Tks*Hita,netral
351,efek coretax dan pemeriksaan pajak wkwkwk,netral
352,@kring_pajak  halo min mau tanya terkait akun impersonate coretax apakah bisa dibuka dan dijalankan secara bersamaan di PC yang berbeda ?,netral
353,Kegiatan ini diikuti oleh bendahara pengeluaran di unit Kanwil Kemenag Sumut Dengan Penyuluh Kanwil DJP Sumut I sebagai narasumber para bendahara diberikan paparan komprehensif mengenai fitur-fitur utama dalam sistem Coretax,netral
354,#KawanPajak bagi WP Badan dengan tahun buku yang tidak sama dengan tahun kalender (misalnya Agustus 2024–Juli 2025) pelaporan SPT Tahunan PPh Tahun Pajak 2025 sudah dilakukan lewat Coretax mulai Agustus 2025,netral
355,Surat menyurat bukannya di coretax?,netral
356,mau buat testi nya deh #zonauang #akuntan #tax 03 Faktur pajak coretax,netral
357,kalo versiku : 2024 mumet sp2dk 2025 emosi coretax sekarang nemu kemumetan dan keemusuhan baru bernama pemeriksaan pajak,netral
358,Jan 2025/ CORETAX!!!  @DJPPRkemenkeu July 2025/ Alm Deplu kasus dilakban Tom Lembong 45y #ripjustice,netral
359,@kring_pajak  izin tanya kak Kalau buat Faktur Pajak di Coretax DPP Nilai Lain untuk Uang Muka tampilan nya seperti ini ya kak? Harga Jual/Penggantian/Uang Muka/Termin   Kalau dulu kan kalau di centang uang muka tampilannya Uang Muka /Termin  Terima kasih,netral
360,Tahun 2024 kebawa bisa pake coretax ya?,netral
361,Hai Kak  Bukti potong/pungut  PPh yang telah diterbitkan oleh pemotong/lawan transaksi melalui Coretax dapat Kakak cek melalui menu Portal Saya > Dokumen Saya Jika bukti potong tidak muncul silakan klik 'refresh' untuk dilakukan sinkronisasi data Apabila tetap tidak muncul,netral
362,@kring_pajak kak kalo misalkan udah lapor realisasi investasi di DJP online sebelum 31 maret trs lapor lagi di coretax tp lewat dari 31 maret itu secara sistem yang dianggap yang mana ya? Saya takutnya malah sesuai coretax padahal sebelumnya udah lapor,netral
363,Refer to the SARS website for the latest on the 2025 Income Tax filing season #tax#SARS #SouthAfrica  https://wwwsarsgovza/types-of-tax/personal-income-tax/filing-season/,netral
364,Hai Kak Terkait Pemberitahuan Ekspor Jasa Kena Pajak (PEJKP) tidak perlu pengajuan ke Bea Cukai terlebih dahulu ya Kak Kakak dapat langsung membuat dokumen PEJKP tersebut melalui Coretax dengan Langkah-langkah sesuai yang dijelaskan Taxmin sebelumnya ya Kak  Tks*Maro,netral
365,Alooh Open Jasa  - Pembetulan SPT - SPT masa 15 21 22 23 26 4 (2) Bulanan Unifikasi - Pembuatan Laporan Keuangan - Pembuatan Surat Keterangan Bebas Fiskal/Surat Keterangan Fiskal   #zonauang #jokipajak  #coretax,netral
366,Hai Kak  Terkait pelaporan SPT Masa PPN pada sistem Coretax kompensasi lebih bayar PPN akan secara otomatis diperhitungkan untuk Masa Pajak berikutnya Oleh karena itu tidak ada lagi menu pilihan Masa Pajak tujuan kompensasi pada pelaporan SPT Masa PPN di e-Faktur Coretax,netral
367,Hai Kak  Di template file impor Coretax tidak ada kode objek pajak 21-100-11 Untuk membuat bukti potong dengan kode objek pajak 21-100-11 kakak dapat membuat bukti potong dengan kode objek pajak tersebut secara langsung di aplikasi Coretax ya  Cara pembuatan bukti potong,netral
368,Hai Kak Perubahan direksi Badan dapat dilakukan secara mandiri pada aplikasi Coretax pada menu 'Portal Saya' klik 'Profil Saya' klik 'Informasi Umum' klik 'Edit'  klik 'Pihak Terkait'  Kemudian lakukan pembaruan data sesuai keadaan sebenarnya kemudian centang pernyataan,netral
369,Hai Kak Apakah yang dimaksud restitusi menggunakan """"Formulir Restitusi Pajak"""" dalam menu Pembayaran di Coretax? Jika Ya maka dapat mengacu pada PMK 81 Tahun 2024 ya Kak Tks*Oska,netral
370,@kring_pajak Mlm kak Lapor ppn di coretax sudah dengan bayar deposit dan sudah menerima bukti lapor cuma tidak ada email pemindah bukuan dan saldo di deposit kenapa tidak berkurang? Tks,netral
371,Hai Kak   Apakah yang Kakak maksud adalah cara merubah email pada akun coretax? Jika iya perubahan data email pada akun Coretax dapat dilakukan melalui menu Portal Saya > Profil Saya > Informasi Umum > Edit > Scroll ke Detail Kontak > ubah data email > Verifikasi > Masukkan kode verifikasi > Simpan > Scroll ke bawah dan  Centang Pernyataan > Submit   Pastikan kakak telah melakukan centang pernyataan dan klik  submit permohonan ya kak   Tks*Iana,netral
372,Tiiiw bilang ke si ndud tiiw Taun ini pemudik angkanya turuun Yang nuker uang baru turuun Dollar melemaah Ihsg fluktuatif ga papa asal harga pangan stabil ceunah faktanya naik teruuus Dan banyak masalah lainnya Ayo tiw bisa yuk bisaa napak tanah,netral
373,Hai Kak  Untuk mekanisme uang muka (barang non mewah) di sistem coretax silahkan centang uang muka terlebih dahulu pada saat pembuatan Faktur Pajak Keluaran dan ketika Kakak menambahkan detail barang/jasa untuk harga satuan silahkan diisikan sesuai dengan nilai kontrak yang,netral
374,Hai Kak Untuk pembuatan bukti potong PPh 23 masa Juli 2023 bisa dilakukan di DJP Online ya Jika ada keperluan pembuatan bukti pemotongan maupun pembetulan SPT Masa PPh 23 (Unifikasi) mulai tahun pajak 2025 silakan menggunakan coretax ya Kak  Tks*Fani,netral
375,Cara Mengajukan SKB PPh Atas Warisan Tanah-Bangunan Lewat Coretax  Pengalihan harta berupa tanah dan/atau bangunan karena waris juga memperoleh pengecualian kewajiban pembayaran atau pemungutan PPh asal ada SKB dari DJP  #ddtc #ddtcnews #KonsultasiPajak,netral
376,Pada tanggal 31 Desember 2024 Presiden Prabowo Subianto telah meluncurkan Coretax DJP secara resmi Sejak 1 Januari 2025 Coretax DJP menandai hadirnya sistem administrasi perpajakan yang baru dan modern,netral
377,Hai Kak  Penggabungan NPWP isteri ke suami bisa dilakukan secara online melalui akun Coretax Pastikan NPWP suami sudah aktif akun Coretaxnya Apabila kondisi isteri telah terdaftar di Coretax maka langkah berikutnya yaitu memasukkan NIK isteri ke dalam  FTU suami sebagai,netral
378,Hai Kak    Betul kak Sesuai informasi sebelumnya untuk saat ini sistem Coretax telah mengakomodir pemilihan alamat dan NITKU cabang apabila transaksi dilakukan oleh cabang  Tks*Hita,netral
379,@kring_pajak  min mau tanya kalo periode pembukuan di spt ppn coretax muncul 04-03 yang seharusnya 01-12 itu cara merubahnya gimana ya? mohon infonya min,netral
380,saya menanyakan untuk wajib pajak dana pensiun bagaimana cara pelaporan angsuran pph 25 di coretax?,netral
381,Hwello Open Jasa  - Pembetulan SPT - SPT masa 15 21 22 23 26 4 (2) Bulanan Unifikasi - Pembuatan Laporan Keuangan - Pembuatan Surat Keterangan Bebas Fiskal/Surat Keterangan Fiskal   #coretax  #zonauang #jokipajak,netral
382,bisa di coretax,netral
383,Kalau kamu lihat postingan medsos yang nge-klaim kalau server Coretax DJP tidak aman dan bisa diakses oleh pihak luar kami pastikan bahwa hal tersebut adalah tidak benar alias hoaks!,netral
384,Gaess info dong kalau staking kripto itukan sudah dipotong pph dan bukti potong sudah masuk di Coretax Nah bagaimana cara lapor pendapatannya biar nihil ya? Soalnya statusnya lebih bayar karena pph staking ini @indodax @hoteliercrypto @Tokocrypto,netral
385,Met siang @kring_pajak Mau tanya cara lapor Realisasi  Investasi atas penghasilan deviden dalam negeri di coretax gmn caranya? Terima kasih,netral
386,ikutin brdsrkan historis sblm ada coretax jadi dpp nya sejumlah semuanya kak bm+denda+ppn+pph 22 ppn nya ttp aja nnti bisa dikreditkan dipembukuan baru dipisahin yg mana masuk HPP pph dll,netral
387,Coretax Beroperasi Pengusaha RI Kena Pajak Tambah Banyak! https://wwwcnbcindonesiacom/news/20251126152630-4-688716/coretax-beroperasi-pengusaha-ri-kena-pajak-tambah-banyak,netral
388,Hai Kak Walaupun OP tsb merupakan sekutu pasif dari CV apabila tanah bangunan tsb merupakan milik OP maka atas penghasilan tsb menjadi penghasilan bagi OP tsb dan tidak masuk ke penghasilan CV ya kak Tks*Fini,netral
389,Tiba-tiba dapat email kek beginian ini beneran kah Coretax udah dipakai untuk wajib pajak level individu?,netral
390,Turunin sepaket bang,netral
391,becanda mulu coretax benerin,netral
392,@kring_pajak kak kalau status NPWP di coretax Nonaktif berpenghasilan dibawah PTKP jadi hanya registrasi coretax saja Apa wajib lapor SPT Tahunan OP kak ?,netral
393,Bro tired on his own game HAHAHAHA That yaampun tho 🤣🤣🤣,netral
394,Pertama berikut langkah untuk membuat Kode Otorisasi/ Sertifikat Digital melalui Coretax,netral
395,#KawanPajak Mulai 2026 pelaporan SPT Tahunan PPh 2025 dilakukan lewat Coretax DJP Setelah aktivasi akun buat Kode Otorisasi/Sertifikat Digital (KO/SD) untuk menandatangani SPT Caranya? Login ke Coretax DJP > Portal Saya > Permintaan KO/SD   Simak langkah lengkapnya yuk! ---,netral
396,Gmn ga dapat PR gratis  jadi top of mind orang2 terus (baik suka maupun ga suka) Padahal banyak yg perlu dipikirin selain bahas Jokowi contoh : gmn cara lapor spt via coretax 😅,netral
397,CORETAX OVERRATED?! Disadur dari laman DJP: Pembangunan Coretax merupakan bagian dari Proyek Pembaruan Sistem Inti Administrasi Perpajakan (PSIAP) yang diatur dalam PerPres 40/2018,netral
398,Saya cek di coretax tdk ada FP pengganti nyaa,netral
399,Dua hari ini saya dapat banyak keluhan dan masukan baik dari wajib pajak maupun petugas pajak di lapangan Saya sangat paham dan berempati bahwa ada banyak keluhan thd kendala di lapangan terkait implementasi Coretax ini,netral
400,Rabu 9 Juli 2025 | Kec Gondang Kecamatan Gondang gelar Bimtek Core Tax bagi Sekdes Bendahara dan Kaur Perencanaan se-Kecamatan Sebagai penguatan kapasitas perangkat desa dalam pengelolaan perpajakan dan administrasi keuangan desa  #KecamatanGondang #BimtekDesa #CoreTax,netral
401,Ku sebulan ga gajian gara2 Coretax,negatif
402,BUSEETTT WAKKK gua lgi kerja bersama coretax,negatif
403,Jika Muncul STP karena telat lapor dan telat setor apa bisa buat permohonan penghapusan sanksi karna coretax nya bermasalah?,negatif
404,semoga diresmikan 2026 kata monyet diganti coretax,negatif
405,Cina dengan anggaran yang sama bisa bikin deepseek kalau Indognesia masterpiece nya coretax,negatif
406,Hai Kak Mohon maaf atas ketidaknyamanannya Saat ini permasalahan tersebut sedang ditangani oleh tim terkait Taxmin menyarankan untuk mencoba langkah berikut sebelum mengakses Coretax kembali: 1 Pastikan koneksi internet stabil,negatif
407,Hai Kak Jika sudah terdaftar NPWP baik melalui laman http://eregpajakgoid untuk mengakses akun Coretax Kakak dapat langsung melakukan lupa password atau aktivasi akun Wajib Pajak ya Kak  Jika sudah pernah akses DJP Online silakan ke laman http://coretaxdjppajakgoid > klik,negatif
408,NPWP sudah punya  yang belum punya hanya akun DJP dan Efin aja  untuk nanti di pakai buat daftar coretax,negatif
409,udah pake akun coretax pic utama tetep ga muncul min sepertinya di yg lain jg kasusnya serupa,negatif
410,subuh2 drama aktivasi akun coretax server error mulu🫩,negatif
411,Dirjen pajak ini udah kek biawakrakyat diperas melalui pajaktapi aplikasi Pajak Coretax kek sampah error melulu,negatif
412,@KPK_RI dan @KejaksaanRI harus melakukan penyelidikan coretax karena sudah merugikan keuangan negara triliunan uang negara hasilnya sangat buruk!!! Malming Coretax,negatif
413,Iya kannn gua gregetan bgt akses coretax,negatif
414,Petugas KPP saya helpdesk tdk ada respon lalu live chat hanya dijawab scr otomatis Lalu bagaimana? Hrsnya bisa ya dilakukan disini lalu untuk apa saya kasih tangkapan layar Sudah jelas permasalahannya kenapa Dan bisa diteruskan ke pihak terkait Tlg lebih dipermudah lagi Kita udah pusing juga masalah² ttg coretax,negatif
415,pasti dia pernah memaki web coretax,negatif
416,Hai Kak Mohon maaf atas ketidaknyamanan yang dialami perihal perubahan alamat email pada saat aktivasi coretax Kakak dapat mengajukan perubahan data alamat email melalui contact center di layanan livechat http://pajakgoid telepon Kring Pajak 1500200 atau melalui KPP,negatif
417,Kembalikan coretax ke sistem lama sudah itu cukup mengangkat pendapatan,negatif
418,Hati-hati penipuan berkedok Coretax dan DJP kenali modusnya! #ThePhraseID #coretax #djp #penipuan #penipu #pajak #laporpajak #spt https://thephraseid/hati-hati-penipuan-berkedok-coretax-dan-djp-kenali-modusnya-,negatif
419,Minimal sebagai drafter coretax bisa download bupot pph unifikasi masa kudu minta atasan perkara download doank hadeh mana lemot parah @kring_pajak,negatif
420,Hai @kring_pajak  saya sudah log in coretax \hanya registrasi\"" dgn KTP saya punya coretax & keterangan di profil (TDK aktiv) SPDN  saat itu saya hanya diminta \""hanya registrasi\"" oleh kantor Skrg sy mau buat NPWP tapi saya sudah ikuti prosesnya sampai akhir tapi ga berhasil,negatif
421,Bener coretax itu gaada yg dipenjara kambing,negatif
422,Hai Kak Mohon maaf atas ketidaknyamanannya Sampai dengan saat ini belum terdapat informasi resmi mengenai kendala bupot unifikasi hilang atau tidak muncul pada saat pelaporan SPT di akun Coretax wajib pajak Taxmin menyarankan untuk mencoba langkah berikut  sebelum mengakses,negatif
423,coretax memex,negatif
424,Coretax ini memang ajaib kok  Orang dept pajak di kantor aja langsung mendadak jadi ahli IT,negatif
425,Coretax Food Estate IKN  next case : DANANTARA,negatif
426,benerinnn coretax wooooyyy,negatif
427,Coretax tu bagian dr gemukin binatang Staff yg kerjakan coretax lembur kan? Kalo dibayar dpt tunj konsumsi transport -> pph 21 tuh Telat bayar n lapor gara2 coretax error fiturnya ngga WP friendly bikin salah dikit betulinnya ribet? STP Denda bunga dapet lg kan,negatif
428,oopss coretax juga,negatif
429,OPEN JASA/JOKI PENGERJAAN LAPORAN KEUANGAN DAN AKUNTANSI + PERPAJAKAN   - Pph21 Pph23 Pph25 Final dll - bisa sesuai request - harga bersahabat - untuk tugas maksimal S1 akuntansi/perpajakan  #zonauang #djp #coretax #pajak #jasakeuangan,negatif
430,Banyak kejadian yang sama neh Imbauan SP2DK SP2 tidak muncul di Coretax,negatif
431,Coretax ni emg asu Nyusahin kerjaan aja sumpah,negatif
432,Hai Kak  Terkait perbedaan nomor telepon apakah yang kakak maksud nomor telepon di Coretax berbeda dengan nomor telepon yang terdaftar di djponline? Jika iya nomor telepon yang terdaftar di Coretax merupakan nomor telepon yang digunakan pada saat aktivasi akun Coretax Jika,negatif
433,Jejak digital akun ini kl ditelusuri Ngeluh app efaktur (dulu) Ngeluh DJP (dulu) Ngeluh web efaktur (dulu) Ngeluh Coretax (sekarang),negatif
434,nanti lapor spt tahunannya ujung2nya ke coretax sih thn besok klo thn ini kan ke web djp nah thn besok pasti dah ke coretax,negatif
435,Halo kak mau tanyaa ini saya mau login coretax kenapa tidak bisa ya? @kring_pajak,negatif
436,Lebaran suamiku malah sibuk ngurus pajak di coretax mana sempet error pula haduh haduh,negatif
437,pakai web coretax kalo di aku apknya suka error jadi langsung ke kantor pajak ajaa dan buat disana soalnya ada elemen-elemen yg aku gatau harus diisi apa kalo kesana langsung kan bisa diajarin sekali cuci mata,negatif
438,Kak ini jadinya gimana? Kemarin katanya sama saja baik isi di efaktur dekstop dan coretax tidak ada perbedaan dan selama isi di field masing-masing nama bkp/jkp cukup diisi namanya saja karena nantinya qty dan harga satuan otomatis masuk ke kolom nama barang -,negatif
439,@kring_pajak  siang kak mau bertanya dimana bisa dapat referensi untuk satuan ukur terbaru? di pengisian coretax sudah terdapat """"drum"""" sedangkan di referensi yg di download dr converter belum ada UM yang menunjuk ke """"drum"""" mohon dibantu untuk UM yang lengkap terimas kasih,negatif
440,China melarang tapi kasih solusi gmaps ga boleh tapi maps baidu jauh lebih unggul WhatsApp ngga bolrh tapi Wechat jauh lebih unggul Indonesia?? Buat aplikasi KTP Digital aja error mulu Coretax yg biayanya Triliunan saja Error sana sini,negatif
441,coretax emang sebapukkk itu coy,negatif
442,Aplikasi coretax tolil iki lapo maneh cok,negatif
443,Hai Kak Mohon maaf atas ketidaknyamanan yang dialami Saat ini atas kendala tersebut sedang dalam penanganan tim teknis terkait ya Kak Silakan lakukan pengecekan secara berkala Sebelum mengakses coretax disarankan untuk mencoba langkah berikut: 1 Clear cache & cookies pada,negatif
444,Hai Kak  Mohon maaf atas ketidaknyamanannya Saat ini permasalahan terkait SPT Masa PPh Unifikasi sedang ditangani oleh tim terkait  Silakan mencoba kembali secara berkala Taxmin menyarankan untuk mencoba langkah berikut sebelum mengakses Coretax kembali: 1 Pastikan koneksi,negatif
445,Coretax ga jelas banget sumpahhh,negatif
446,perkara notebook aja kejagung bisa ikut masuk itu coretax knp adem ayem aja ya minimal bpk harusnya udh mantau tuh krn proyek triliunan tp kualitas ruko,negatif
447,aduh flashback ke coretax,negatif
448,Hai Kak Mohon maaf atas ketidaknyamanannya Saat ini permasalahan tersebut sedang ditangani oleh tim terkait Taxmin menyarankan untuk mencoba langkah berikut sebelum mengakses Coretax kembali: 1 Pastikan koneksi internet stabil,negatif
449,Doa aja semoga coretax g dilanjut lg,negatif
450,Coretax Kerugian Negara?! Super system yang digadang-gadang dapat dipakai untuk keperluan semua perpajakan termasuk menjaring masyarakat yang berpenghasilan dan beraset,negatif
451,@kring_pajak  min aku mau login coretax kenapa ga bisa ya? Udah coba pakai npwp maupun nik tapi ga bisa,negatif
452,btw coretax termasuk merugikan negara kok blm ada yg dikriminalisasi sich wok,negatif
453,Restitusi  PENDAHULUAN atas lebih bayar PPN JUNI 2025 sjak pake coretax baru kali ini progressnya tidak muncul di menu kasus saya biasanya proses updatenya bisa dipantau di menu kasus saya skrg kosong tdk ada kererangan apa2,negatif
454,eh bukannya masa peralihan dari djp online ke coretax itu ga dikenakan sanksi administrasi ya? kok tbtb dapet surat? mengingat saat awal tahun coretax sampah abis,negatif
455,udah aktivasi d coretax sebelumnya kak ?,negatif
456,Lah org kpp nya aja ngakuin kok mereka blm siap dgn coretax & msh blm sempurnacuman emang dipaksain aja gitu jawab mrk ketika gw complain soal coretax yg ngaco & ngga bisa² diakses,negatif
457,Ga bakalan Lu semua bakalan tetap menderita krn coretax soalnya yg bikin  dilindungi penguasa,negatif
458,Bisa kak aku pribadi aja belum dipadanin (bikin dari tahun 2022) dan belum dipadanin di djp online  terus kemarin awal coretax masuk aktivasi akun bisa kakk,negatif
459,Kukira ga akan ketemu coretax Ternyata ketemu juga,negatif
460,coretax babi,negatif
461,@kring_pajak saya rasanya belum pernah aktivasi di coretax tapi pas mau aktivasi kok ada notif begini ya? Terus pas dicoba reset password (coba login pake credentials djp online) email konfirmasi nya ga masuk2,negatif
462,Gw pake tumblr coretax masih awet walopun bonyok dikit (agak banyak sbnrnya),negatif
463,Beliau bingung cara ngisi SPT di Coretax,negatif
464,@kring_pajak  mau tanya Dari senin Saya mau login coretax seperti biasanya tapi kok slalu diarahkan atur kata sandi ulang ya?? Pdhl tdk ada yang tau pass&press PT selain saya&direktur Dan kenapa emailnya beda dengan punya PT saya ya? Saya cek diDJP msh sama dngn punya PT saya,negatif
465,real tiada hari untuk tidak marah2 karena coretax,negatif
466,jadi tahanan politik dong coretax itu pemerataan penderitaan,negatif
467,Berarti saat saya mengisi di coretax DPP nilai lain di thickmart ? Terima kasih,negatif
468,Hai Kak Mohon maaf atas ketidaknyamanan yang dialami Saat ini atas kendala tersebut sedang dalam penanganan tim teknis terkait ya Kak Silakan lakukan pengecekan secara berkala Sebelum mengakses coretax disarankan untuk mencoba langkah berikut: 1 Clear cache & cookies pada,negatif
469,Aduh kalo jd walkot ntr gabisa yapping coretax lagihh,negatif
470,Hai Kak Mohon maaf atas ketidaknyamanannya Atas kendala error 400 OK silakan mencoba untuk mengganti format date and region pada komputer yang digunakan menjadi UTC+7 Bangkok Hanoi Jakarta Selain itu silakan juga mencoba langkah berikut sebelum mengakses Coretax:  1 Pastikan,negatif
471,Pdhl lebih parah pengadaan Coretax ga sih ???,negatif
472,Hai Kak   Mohon maaf atas ketidaknyamanannya  Silakan mencoba hal-hal berikut sebelum mengakses laman Coretax:    1 Bersihkan cache & cookies di browser yang digunakan,negatif
473,Ehm coretax,negatif
474,Mohon maaf atas ketidaknyamanan yang dialami Silakan melakukan langkah berikut sebelum mengakses laman Coretax: 1 Bersihkan cache & cookies di browser yang digunakan 2 Gunakan mode New Incognito atau New private window 3 Gunakan browser perangkat dan/atau sambungan,negatif
475,Parah si temen2 ngamuk semua Mirip coretax lah Ga siap dah diluncurin n dipaksa pake,negatif
476,Hai Kak  Sesuai dengan ketentuan Peraturan Direktur Jenderal Pajak Nomor PER-7/PJ/2025 penerbitan Dokumen berupa Kartu NPWP dilakukan dalam jangka waktu paling lama 1 (satu) hari kerja setelah data pendaftaran disampaikan Dokumen NPWP dapat dilihat pada Akun Coretax Wajib,negatif
477,Hai Kak Mohon maaf atas ketidaknyamanannya Apakah saat ini masih terkendala? Jika iya silakan melakukan hal-hal berikut sebelum mengakses laman coretax: 1 Clear cache & cookies pada browser,negatif
478,Kayaknya sekarang akuntan harus punya basic skill di accurate sama coretax nder,negatif
479,@kring_pajak  min kalo skrng pembukuan  tapi karena ada kebakaran dan usahanya ga jalan di Juni apakah bisa balik ke pencatatan lagi ya? Ada pemberitahuan di coretax ga? Di menu apa ya?,negatif
480,Emang para banget scam coretax ni Saya percaya karena data kita lengkap di punya oleh penipu pernah lapor ke kantor pajak terdekat dibilang bukan tanggung jawab nya data tersebut hadeeh 😂😂😂,negatif
481,masih pagi kata coretax gue masih ngantuk belum sarapan,negatif
482,Hai Kak Jika yang Kakak maksud adalah untuk pendaftaran NPWP Badan Kakak bisa melakukan pendaftaran NPWP melalui laman Coretax pada http://coretaxdjppajakgoid Pada laman utama Coretax silakan memilih menu “Daftar disini” untuk memulai pendaftaran NPWP Pada Langkah Persiapan,negatif
483,coretax sampe skrg gimana dah kelanjutannya itu kan apa bukan kerugian negara ya? karena mempersulit orang bayar pajak dan akhir e emg banyak yg ga bayar pajak sama sama potential loss dong kaya kasusnya gula ini? apa bisa dipidana juga?,negatif
484,@kring_pajak  kak infonya pemerintah memperpanjang (bebas pemotongan pajak buat UMKM) sampai tahun 2025 utk menerbitkan kembali SKET nya di coretax melalui menu apa ya kak? karena di DJP pada menu KWSP sudah tidak bisa di buka lagi,negatif
485,Belum lama ini muncul banyak situs penipuan yang mengklaim sebagai layanan Coretax resmi DJP Jangan sampai Sobat AdEN jadi korban! Situs resmi Coretax DJP cuma satu yaitu 🔗 https://coretaxdjppajakgoid/,negatif
486,Minta tambahan lagi 179T? Apa mau bikin Coretax Baru? Kok ya enak minta anggaran sebegitu besarnya kalau mau perbaiki software,negatif
487,Semua error coretax selalu merugikan WP Apa ada yg pernah ngalamin error coretax tapi menguntungkan WP?,negatif
488,@kring_pajak  saya baru buat NPWP status NPWP saya belum aktif SPDN sudah saya coba hasilnya seperti ini solusinya bagaimana ya? tapi saya sudah bisa login ke coretax dan NPWP nya,negatif
489,Perlu di usut itu Sri Mulyani yang  sudah menyusahkan seluruh rakyat Indonesia melalui kebijakan pajak nya ----- Persoalan serius dalam sistem Coretax kembali tersentil & menyoroti kualitas sumber daya manusia di balik pengembangannya,negatif
490,@kring_pajak  mau tanya kalau misalnya kita buat faktur pajak keluaran terus emailnya itu - @npwp com berarti ini faktur pajaknya bakal terdaftar di sistem coretax mereka gak ya? terima kasih,negatif
491,Hai Kak  Silahkan mencoba untuk menghapus konsep SPT Masa Unifikasi yang telah dibuat (dicreate) kemudian silahkan kembali membuat satu konsep SPT Masa Unifikasi dimaksud Selain itu silakan Kakak mencoba langkah berikut sebelum kembali mengakses Coretax: 1 Pastikan koneksi,negatif
492,Hai Kak Apakah belum muncul secara prepopulated? Kakak dapat  mengecek di Coretax pada menu Dokumen Lain Pajak Masukan - Pilih """"Create From Interface"""" Nomor dokumen yang sama tidak dapat diinput dua kali  Apabila belum muncul dan tidak bisa diinput secara manual Kakak dapat,negatif
493,ngebuat coretax sampe 13T tapi aktivasi akun masih harus ke KPP terdekat sinting y djp tu duit lu pake ape ngaku gk!,negatif
494,Hai Kak  Mohon maaf atas ketidaknyamanannya Sampai dengan saat ini belum terdapat informasi resmi mengenai kendala bukti potong unifikasi tidak muncul pada pelaporan SPT di akun Coretax wajib pajak Taxmin menyarankan untuk mencoba langkah berikut sebelum mengakses Coretax,negatif
495,Hai Kak Terlampir tutorial pengajuan Permohonan Pengembalian Pajak yang Seharusnya Tidak Terutang melalui Coretax ya https://youtubecom/watch?v=tOMrynirIkA… Apabila kakak masih memerlukan informasi lebih lanjut silahkan dapat menghubungi kami kembali melalui layanan telepon kring pajak,negatif
496,wkwkwk kalo kaya gitu mah mending bubarin coretax sekalian biar gabisa bikin faktur pajak trs jadinya gaada setoran ppn deh,negatif
497,Sampe sekarang masih males-malesan ngadepin coretax karena selalu kepikiran """"ini aku yg goblok rata kiri apa emang sistemnya masih banyak yg harus dibenerin"""",negatif
498,potensi kerugian dianggap merugikan negara noh liat coretax ga beres-beres padahal tender gede kualitas ecek ecek cih  https://tempoco/ekonomi/penerimaan-pajak-merosot-apindo-hingga-kini-coretax-masih-banyak-masalah-1220676#goog_rewarded…,negatif
499,Kapan @KPK_RI @KejaksaanRI panggil ini orang? Kemarin bilang busuk sekarang bilang lain,negatif
500,Pemerintah kalo gak buat gebrakan nyusahin rakyatnya sembelit ku rasa Ada aja tiap hari yang bikin gedek Awal tahun ngeluarin coretax yg nyusahin usernya usernya yg disalahin pdhl apk mereka yg gak sempurna semua mua mau dipajakin Rekening mengendap diblokirin pdhl ya namanya nabung kl bs emg gak diambilin dong dana'nya Smp bingung aplg gebrakannya karna banyak bgt yg gak mutu,negatif
501,tolong pandu aku ngisi coretax udah ada panduan masih aja bingung,negatif
502,sebwa terobosan ngerjain coretax sambil nongton ulang tds4,negatif
503,Kaga ada yg mau nuntut kegoblokan ini?   Apa udah cape ngerjain coretax?,negatif
504,‼️ KENA TIPU SAMPAI 700 JUTA‼️ Masih gemeteran dan lemes karena yang kena scam keluarga aku sendiri😭 Kejadian berawal dari download aplikasi Coretax ternyata link phising Lagi marak banget! Lalu ada telepon yang mengaku dari petugas pajak dan minta segera aktivasi,negatif
505,Kalau artikelnya terkait coretax seru nih,negatif
506,@kring_pajak Saya melakukan aktivasi coretax setelah berhasil diarahkan untuk ganti password Field tujuan konfirmasi sudah terisi baik email maupun nomor telepon dan tidak bisa diedit namun ketika klik kirim untuk permohonan ubah kata sandi mengapa dinyatakan sbg berikut,negatif
507,Coretax anjjjjjjjjjj,negatif
508,coretax mempermudah perusahaan  coretax biar semua perusahaan kena denda karena aplikasi sampah,negatif
509,Coretax dari awal launching banyak problem bukannya berbenah malah makin minus,negatif
510,On terus ya yg msh ada kendala pembuatan npwp badan (gabisa klik lanjut) bisa lanjut ketok DM d bantu proses krg dr 1jam  #zonauang #zonajajan #npwp #coretax,negatif
511,ttp gabisa min mau aku reset password juga pengguna ga valid pdhl udh pernah daftar tpi cuman ga sampe selesai isi form2 nya daftarnya sblm coretax 2025 btw min mau aku coba daftar lagi tpi pas ngisi nik keterangannya identitas dipublikasi yg artinya kan udh ada akunku,negatif
512,Coretax bapuk banget anjilah,negatif
513,Hai Kak  Mohon maaf atas ketidaknyamanan yang dialami   Apakah Kakak terkendala melakukan pendaftaran NPWP dengan aktivasi NIK di Coretax?  Apabila iya terkait error Activation: 400 OK silakan dicoba untuk mengganti format date and region pada komputer yang digunakan menjadi,negatif
514,Pagi2 bikin gw ngamuk aja  @kring_pajak   SISTEM LU YANG SAMPAH ORANG LAIN YANG SURAT TEGURAN  Jangan berani2 lu sebut itu bisa diabaikan !!! Gw gak tolol udah paham Tapi ini harusnya lu yang belajar ! APLIKASI CORETAX PERUSAK KERJA ORANG ITU YANG HARUSNYA LU BENAHI !!!!,negatif
515,DIH????? HAPUS AJA APLIKASI CORETAX NYA GAK GUNA GUE CUKUP CAPEK BANGET NGURUSIN CORETAX CORETAX INI CAPEK,negatif
516,Sama2 ka semakin hari semakin eror coretax,negatif
517,Gak kebayang lagi pas April 2026 coretax dibuka se Indonesia terus error Submit lewat manakah jadinya?,negatif
518,Hai Kak  Karena Coretax berbasis web maka akun Coretax dapat dibuka dalam waktu yang bersamaan di gawai yang berbeda sepanjang diawasi penggunaannya ya Kak  Tks*Pata,negatif
519,Pajak hanjing guoblaok coretax bangsat aplikasi korup,negatif
520,@KejaksaanRI ini lho jelas-jelas gak beres gak pengen periksa? percuma bang @KejaksaanRI itu tau tapj gk bakalan dilirik  coretax ini kalah seksi dengan kasus2 yg lain,negatif
521,Dan di dalam rapat internal malah nyalahin WP Baduttttt,negatif
522,Hai Kak Iya Kak untuk mendapatkan SKB PPh Pasal 22 dapat mengajukan permohonan SKB PPh Pasal 22 Wajib Pajak dapat mengajukan permohonan melalui Coretax atau ke KPP terdekat ya Kak Untuk ketentuannya dapat dilihat dalam Pasal 70 sd 78 PER-8/PJ/2025 Untuk penyampaian SKB,negatif
523,Emang ada apa dengan coretax? Sbagai pengguna awam cukup friendly user sih no complain,negatif
524,reclass aja reclass ga bisa itu kang pajak reclass kantong kiri kanan di sistem  coretax: pala bapak kau reclass nombok nih vendor kemaren aja ga full cair *fitur tidak tersedia,negatif
525,Iyah benerrr seru banget Nanti kita caci maki Coretax bareng-bareng lagi yah kalau penyakit errornya kumat,negatif
526,Kalau pakai logika yang sama IKN allegedly ‘sunk cost’ Coretax mengurangi penerimaan negara karena banyak errornya Korupsi bukan???,negatif
527,Hai Kak Mohon maaf atas ketidaknyamanannya Sampai dengan saat ini belum terdapat informasi resmi mengenai kendala bupot unifikasi hilang atau tidak muncul pada saat pelaporan SPT di akun Coretax wajib pajak Taxmin menyarankan untuk mencoba langkah berikut  sebelum mengakses,negatif
528,Coretax ??,negatif
529,Masih kemusuhan sm si coretax"""" ini yg mgide siapa sih sistem bapuk dipaksain minimal dimaximize dlu lahh Awal thn ngurus pph pengalihan hak sistem bosok awal bln ini ngurus bphtb masih bosok Hobi nyusahin org mulu jdi wni terdholimi trs,negatif
530,Coretax kocax,negatif
531,Halah bacodcoretax aja amburadul gaya gayaan pake AI segala,negatif
532,Hai Kak Sesuai Pasal 1 nomor 26 UU PPN stdtd UU Nomor 6 tahun 2023 Nilai Ekspor adalah nilai berupa uang termasuk semua biaya yang diminta atau seharusnya diminta oleh eksportir (termasuk freight) Jika sudah dipastikan data prepopulated yang muncul di Coretax salah dan,negatif
533,Mohon maaf lahir dan batin semua aku maafin selain pemerintah dan pembuat coretax🙏🏻,negatif
534,Hai Kak Mohon maaf atas ketidaknyamanannya Sebelum membuka aplikasi coretax disarankan kakak mencoba Langkah berikut: 1 Clear cache dan cookies pada browser,negatif
535,Apakah harus ada pengajuan dulu ke bea cukai kak? Atau bisa lgsg create di coretax,negatif
536,Eror coretax nya?,negatif
537,Coretax musuh umat,negatif
538,ANJINGGGG CORETAX,negatif
539,tiap hari kerjaan temenku misuhi coretax,negatif
540,@kring_pajak  tolong dong ini kenapa gabisa login coretax bilangnya tidak valid padahal gaada yang ganti sandi sama sekali,negatif
541,Min @kring_pajak ini di coretax udah pilih Pekerjaan tapi pas klik tombol Posting SPT ada error harus diisi? Gimana tuh?,negatif
542,Hi Kak  Mohon maaf sebelumnya atas ketidaknyamanannya Apakah Kakak bermaksud akan merekam bukti potong di menu eBupot?  Jika benar pastikan NIK yang kakak gunakan untuk login merupakan Pihak Terkait yang telah ditunjuk dalam aplikasi Coretax sebagai PIC ataupun sebagai,negatif
543,Konsep potential loss digunakan secara selektif  Jika Tom yang salah hukumannya konkretJika negara yang salah ?  Coretax adalah studi kasus tentang kesalahan negara yg tak pernah dihukum  Karna kegagalannya dibungkus bonus jabatan dan proyek digital mahal atas nama pelayanan,negatif
544,spt-nya coretax sengaja didisain untuk menarik pajak tambahan melalui akal2-an denda?,negatif
545,Lah tolol apa kabar coretax yang merugikan negara sampe triliunan Sementara Tom Lembong 1 rupiah pun gak pernah terbukti masuk ke kantong pribadinya,negatif
546,harus pake upload format Xml kak ntar coba download converter sama template Xml ntar kalo udah didownload diextrak aja kalo udah buka yang excel file diconverter  https://pajakgoid/id/reformdjp/coretax/template-xml-dan-converter-excel-ke-xml…,negatif
547,Coretax Sampe triliun Bandara kertajati itu apa ya bang,negatif
548,Coretax anying,negatif
549,hari ini muak banget sama coretax sampe berantem sama orang dinas perkara dia mau lebih 1 perak tapi gabisa😭 karena beda lebih 1 selisih 12 kurang 1 kurang 27 aagggghhh kenapa aku orang pajak😭😭😭😭,negatif
550,Jangan lupa coretax,negatif
551,Kartuny msh yg 15digit kah nder blm yg 16digit sesuai nik KTP ? Kalo iya bisa coba aktivasi d web coretax buat dapet npwp terbaru nya (pastiin email & no hp terdaftar npwp dlu msh sama),negatif
552,Siang min Mau buat A1 karyawan resign Cuma pas di input di coretax NIK invalid padahal cek di data bpjs ketenagakerjaan NIK nya valid ada solusi min?  @kring_pajak,negatif
553,apakah coretax termasuk korupsi  @KejaksaanRI  @KPK_RI  @bpkri  ?,negatif
554,Ini Menteri ngomongnya kenceng tapi data masih tanya sana sini berarti hanya asal omon2 sebaiknya beresin dulu dikementrian yang dia pimpin Bea Cukai Dirjen Pajak dan usut Project Coretax,negatif
555,coretax nih kaya proyek gagal ga si? niatnya lebih oke dari e-faktur yang udah jadul tapi malah nyusahin banyak orang mau mundur ke e-faktur sulit maju benerin app juga sulit karena banyak errornya sehat sehat budak perpajakan seindonesia kalo bisa sih balikin e-faktur,negatif
556,D web coretax input data sesuai KK siapin email sama no hp mnimal pulsa 2rb buat kirim otp,negatif
557,Proyek tanpa bantuan KPK juga bahaya min seperti kasus Coretax,negatif
558,Hai Kak Mohon maaf atas kendala yang dialami Terkait error Operation Failed mohon dicoba secara berkala ya Kak Sebelum akses Coretax silakan Kakak mencoba langkah berikut: 1 Lakukan clear cache & cookies pada browser; 2 Gunakan New Private Window atau New Incognito Window; 3 Gunakan browser lain jaringan lain atau perangkat lainnya; 4 Coba kembali secara berkala dan 5 Posting Ulang SPT Jika masih mengalami kendala yang sama silakan mengirimkan tiket permasalahan sistem ke Meja Layanan TI (Melati) melalui helpdesk KPP layanan telepon Kring Pajak 1500200 live chat di https://tco/Q85AIX18ZL Tks*Yaya,negatif
559,Hai Kak  1 Apakah kendala muncul saat pengisian Detail Kontak pada menu Aktivasi Akun Wajib Pajak? Jika iya dan muncul tanda silang merah pada kolom email dan nomor HP maka data yang diinputkan belum sesuai dengan sistem coretax Silakan masukkan email dan nomor handphone,negatif
560,Ini berkaitan dg perpanjangan sertel jadi nama penanda tangan di efaktur ada penambahan gelar ketika di perbarui di coretax apakah nantinya akan berubah juga di penandatangan di efaktur desktop dan djp online ?,negatif
561,Aneh coretax ngga bisa login Ini siapasih penggagas coretax jelek bgt server-nya error-erroran,negatif
562,entahh nihh coretax emg kdg gajelas juga sie bismillah ajadehhh,negatif
563,Hai Kak Mohon maaf atas ketidaknyamanannya Saat ini permasalahan tersebut sedang ditangani oleh tim terkait Taxmin menyarankan untuk mencoba langkah berikut sebelum mengakses Coretax kembali: 1 Pastikan koneksi internet stabil,negatif
564,udh tau faktur pajaknya ribuan kirim per minggu kek skalinya ada revisi kan jd bingung karna udh keburu di upload ke coretax monyettt,negatif
565,Hai Kak Mohon maaf atas ketidaknyamanannya Sampai dengan saat ini belum terdapat informasi resmi mengenai kendala bupot PPh 21/26 hilang atau tidak muncul pada saat pelaporan SPT di akun Coretax wajib pajak Kakak dapat mencoba langkah berikut sebelum mengakses Coretax,negatif
566,heran belom ada yg masuk penjara gara2 coretax,negatif
567,Hai Kak    Mohon maaf atas ketidaknyamanan yang dialami Gangguan tersebut disebabkan karena load ke server yang sedang tinggi sebelum mengakses coretax disarankan untuk mencoba langkah berikut:  1 Clear cache & cookies pada browser 2 Gunakan Private atau Incognito Window 3,negatif
568,@kring_pajak  min apakah Coretax masih Error?,negatif
569,Ini coretax lu jangan nyebelin terus ye anjing,negatif
570,Berarti Peraturan Direktur Jenderal Pajak Nomor PER-5/PJ/2023 sudah tidak berlaku? Apalagi PMK 81/2024 Coretax kontroversial Setidaknya sampaikan kepada WP ketika dalam proses pemeriksaan bahwa mengikuti PMK 81/2024 Terlebih email yang stated: \compensated successfully\"" Ambigu jadinya Kalau tidak paham English lebih baik pakai bahasa Indonesia https://tco/V2r3b24WBh,negatif
571,Hai Kak Untuk kendala gagal login harap memastikan hal-hal sebagai berikut: 1 Apabila sudah memiliki akun DJP Online sebelum tahun 2025 silahkan klik Lupa Kata Sandi? di laman coretax,negatif
572,coretax tai fucek,negatif
573,Numpang:  Coretax kontol,negatif
574,apakah soon gw begini karna kemaren gw jg error jumlahnya nggak muncul udah tanya AR disarankan deposit ke coretax biar nggak terhitung terlambat eh pas gw tanya lg tentang denda taunya kena jg gw malah jd ribet harus pengajuan pembatalan sanksi padahal yg salah kan bukan gw????,negatif
575,Gws iyaaa lagi macet soalnya pada buka coretax buat lapor ppn,negatif
576,Coretax itu proyekannya ibu Sri Mulyani?,negatif
577,kalo accounting doang ada ga kak ? gua uda kenyang dg coretax soalnya,negatif
578,coretax launching 1 januari 2025 kemarin sebagai pengganti djp online saat setelah launching itu sistemnya ketika dapet id billing dan kita bayar itu uda otomatis terlapor jd gaperlu masukin lagi NTPN kyk di djp untuk bisa lapor kak udah disosialisasiin jg 2024 kemarin ama kpp,negatif
579,Sudah 7 bulan dan coretax masih eror Semoga Allah balas kalian pemerintah dzolim dan siapapun yg punya campur tangan membuat coretax Allah beri hukuman pedih pada kalain karena sudah menyusahkan pekerjaan orang lain,negatif
580,mjb kak kemarin klienku jg dapet surat teguran persis gini wkwk trs aku lgsng buat surat tanggapan terkait teguran itu dan bukti²nya sampe kpp helpdesk bingung AR bingung endingnya suruh untuk diabaikan aja krn coretax masih dalam penyempurnaan (sudah kuduga),negatif
581,telat bayar pajak karena coretax down apakah ttp didenda?  @kring_pajak  tolong dijawab,negatif
582,@kring_pajak  kak ini solusi utk semua masalah coretax sepertinya ya? Lu kapan rencana benerin? Djp online ngga pernah ada suruh solusi begini Lu solusinya ini melulu orang kalo sdh nanya tu sdh pasti lakukan langkah2 standard mentok baru nanya tlg jawabnya jng standard gitu,negatif
583,coretax ini kaya anjing ya tiap bulan ada aja errornya,negatif
584,apalah apalah  coretax eror coretax yg ngasi denda   kocak,negatif
585,kalo bisa teriak kontol gua udah teriak dari tadi anjritt coretax sialan,negatif
586,Hai Kak Mohon maaf atas ketidaknyamanannya  Apakah untuk pengajuannya sudah sesuai dengan alur berikut ini? Akses melalui Coretax > Silakan masuk ke menu Layanan Wajib Pajak > Layanan Administrasi> Buat Permohonan Layanan Administrasi> Pilih kode AS06 Surat Keterangan,negatif
587,Wah moluccas97 minta roast kring_pajak ya? Berdasarkan tweet itu CoreTax emang juara bikin chaos Sistemnya kayak mobil rusak: launch Januari 2025 langsung error login data mismatch validasi gagal – DGT sampe minta maaf berkali-kali Kirim surat teguran salah tapi rakyat,negatif
588,Hai Kak  Mohon maaf atas ketidaknyamanannya Boleh diinformasikan notifikasi error tersebut muncul pada saat Kakak melakukan proses apa? Kakak juga dapat mencoba beberapa langkah berikut sebelum kembali mengakses Coretax: 1 Pastikan koneksi internet stabil,negatif
589,Ntar tinggl deketmu hrs mikir coretax pulak ooh tydaaaac,negatif
590,Wgwgwg coretax lagi,negatif
591,Hai aku Sore Istri kamu dari masa depan Coretax masih sering error btw Dan Opung masih nyuruh kita nunggu 5-6 dekade lagi,negatif
592,#KawanPajak waspada penipuan yang mengatasnamakan DJP!  Modus penipuan seperti phising sniffing dan social engineering kembali marak termasuk yang dikaitkan dengan implementasi Coretax DJP,negatif
593,Coretax beberapa bumn juga kalo mau dicari potential lossnya mah banyak bgttt,negatif
594,Balik modal kali mas setelah coretax bengkak blm lg pemerintahan pamannya jg punya masalah fiskal akibat programnya yg terlalu Hedon,negatif
595,Hai Kak Untuk KK bisa menggunakan salinan atau soft file ya kak mohon dipastikan jika datanya dapat dibaca dengan jelas Jika sudah melakukan pemadanan kakak bisa melakukan aktivasi akun di Coretax Untuk Wajib Pajak OP yang telah terdaftar sebelumnya namun belum memiliki,negatif
596,KELAAARR SMPE BIKIN REPORT HAHAY NEXT KTA BLAJAR CORETAX,negatif
597,Oh gini stressnya coretax…,negatif
598,Hai Kak  Mohon maaf atas ketidaknyamanannya Jika sudah ubah password dan berhasil login seharusnya tidak diminta ubah password lagi Namun apabila Kakak masih mengalami kendala tersebut silahkan kakak coba beberapa Langkah berikut sebelum mengakses Coretax: 1 Clear cache,negatif
599,Si anjir beneran nih divisi ga di perusahaan A ga di perusahaan B sama aja minta tolong bantu daftarin coretax malah pada balik duluan tai dah,negatif
600,Hai Kak  Dapat diinformasikan lebih lanjut untuk data laporan SPT dimaksud apakah terkait riwayat pelaporan SPT sebelum coretax? Jika ya Mohon maaf saat ini terkait data riwayat pelaporan tersebut tidak ditampikan dalam akun coretax ya Kak  Tks*Srni,negatif
