id,author_id,created_at,text
1,ir_hafidz,2025-07-19T08:00:16.000Z,"Jan 2025/ CORETAX!!!  @DJPPRkemenkeu July 2025/ Alm Deplu kasus dilakban, Tom Lembong 4,5y #ripjustice"
2,wargalocals,2025-07-19T07:51:26.000Z,coretax memex
3,shafwanisme,2025-07-19T07:44:37.000Z,"Coretax, Food Estate, IKN..  next case : DANANTARA"
4,Wa_Gu_Wa,2025-07-19T07:22:49.000Z,"China melarang tapi kasih solusi, gmaps ga boleh tapi maps baidu jauh lebih unggul. WhatsApp ngga bolrh tapi Wechat jauh lebih unggul. Indonesia?? Buat aplikasi KTP Digital aja error mulu, Coretax yg biayanya Triliunan saja Error sana sini."
5,SuamiMarlina,2025-07-19T07:10:59.000Z,Hahahah... Kayak coretax
6,nvn_hdyt,2025-07-19T07:09:50.000Z,Sangat mungkin. Dan sepertinya coretax bukanlah permasalahan pertama yang dijadikan bargaining rezim.
7,onlyniaa,2025-07-19T06:31:09.000Z,"@kring_pajak  halo min, bagaimana cara membuat faktur pajak keluaran yang digunggung pada coretax?"
8,ArpandeniP,2025-07-19T06:27:46.000Z,"@kring_pajak  min, bgaimana cara melakukan pemindahbukuan di coretax? Sy salah setor utk tahun pajaknya, harusnya 2025 tapi billingnya terbuat 2026 dan sdh setor. Ini utk PPN KMS & angsuran pph 25. Mohon tutornya"
9,mynameprada,2025-07-19T05:43:01.000Z,Anak2 perlente BCG dipenjara? Waduh penuh tuh entar Salemba  *BCG pemenang tender Coretax Vanuatu   @PNS_Ababil    Ini Salemba Vanuatu ya geeesss
10,cyberianhusk,2025-07-19T05:24:30.000Z,"Ehm, coretax"
11,F2aldi,2025-07-19T05:14:33.000Z,"Contoh nyata: Coretax — aplikasi pajak senilai triliunan. Proyek semrawut, implementasi buruk, banyak bug fatal. Anggaran besar tapi hasil amburadul → kerugian negara"
12,ye_ierwe,2025-07-19T05:07:57.000Z,Padahal yang jelas2 keilangan pemasukkan negara yaa coretax
13,kappascorpiii,2025-07-19T05:05:02.000Z,now jail everyone involved in coretax’s mastermind
14,Gendoet3G,2025-07-19T05:00:08.000Z,"Nah, hallo coretax !!!"
15,ParisNonik,2025-07-19T04:48:58.000Z,"Coretax tu bagian dr gemukin binatang. Staff yg kerjakan coretax, lembur kan? Kalo dibayar, dpt tunj konsumsi, transport -> pph 21 tuh. Telat bayar n lapor gara2 coretax error, fiturnya ngga WP friendly, bikin salah dikit betulinnya ribet? STP Denda bunga, dapet lg kan."
16,RamsDews,2025-07-19T04:41:42.000Z,"Another project to be corrupted then, coretax here we come …."
17,EnforceA_info,2025-07-19T04:41:10.000Z,Belajar Pajak Digital bareng mahasiswa? Bisa banget!  EnforceA x SWINS sukses ngobrolin:  Pajak Digital  Coretax DJP  Pajak UMKM  Karir Dunia Pajak Kampusmu mau juga?  DM kami atau klik link di bio! #PajakDigital #MahasiswaPahamPajak #CoretaxDJP #EnforceAxSWINS #UMKM
18,HakunaM24121873,2025-07-19T04:32:57.000Z,Ga bakalan. Lu semua bakalan tetap menderita krn coretax soalnya yg bikin  dilindungi penguasa.
19,yellowvespaguy,2025-07-19T03:53:14.000Z,Lebih curious siapa impostor coretax
20,jeanunnie_13,2025-07-19T03:48:20.000Z,"@kring_pajak  min ini coretax masih error kh??? aku impor xml masih ada aja yg buyer idtku invalid  dulu"" bisa aja pdahal, tlong la min"
21,BellaFelani614,2025-07-19T03:42:33.000Z,@kring_pajak  min apakah Coretax masih Error?
22,godfathzr,2025-07-19T03:38:25.000Z,Coretax kan proyeknya si mul… asal jilatin raja terus bakal aman sampe 2029…
23,zetsupth,2025-07-19T03:27:19.000Z,jadi tahanan politik dong coretax itu pemerataan penderitaan
24,merelynpc,2025-07-19T03:12:25.000Z,Emang ada apa dengan coretax? Sbagai pengguna awam cukup friendly user sih no complain
25,jangankasitau,2025-07-19T02:40:59.000Z,"@kring_pajak  kalo ada retur pajak masukan atas fp uang muka tahun sebelum coretax, apakah keterangan diretur tersebut mengikuti keterangan yang ada di fp uang muka yang mana keterangannya ""Uang Muka"" atau mengikuti yang ada di FP Pelunasan berupa nama barang? yg diretur barangnya"
26,AoyamaLuthfan,2025-07-19T02:38:35.000Z,Proyek tanpa bantuan KPK juga bahaya min seperti kasus Coretax
27,pajaksidrap,2025-07-19T02:38:30.000Z,"#KawanPajak, waspada penipuan yang mengatasnamakan DJP!  Modus penipuan seperti phising, sniffing, dan social engineering kembali marak, termasuk yang dikaitkan dengan implementasi Coretax DJP."
28,txtdaritaxpayer,2025-07-19T02:34:45.000Z,Mungkinkah Coretax adalah bargaining rezim agar SMI stay and comply?
29,adoreablemint,2025-07-19T02:28:34.000Z,Kalau hanya mengikuti coretax saja artinya tidak konsisten dong? Mana bisa begitu Kenapa banyak banget sih problemnya ini
30,sambattrusbro,2025-07-19T02:06:11.000Z,"Coretax sama ikn mangkrak itu rugikan negara triliunan loh, kok pada ga ditangkep dalangnya, ini cuma gara gara ga berhasil nurunin harga gula jadi tersangka dan dipenjara, komedi banget ini negara"
31,eruditionista,2025-07-19T01:09:35.000Z,Hello coretax and IKN.
32,RexsClawz,2025-07-19T00:26:15.000Z,"ni coretax lagi error ya? kenapa tiap masukin npwp kolom alamat sama id tkunya ga muncul kalo di import juga dia gagal dengan status ""BuyerIDTKU is invalid"" dari 30 npwp yg reject 6 dengan case yang sama, ada solusinya gak  @kring_pajak"
33,GreatLyndis,2025-07-18T23:58:50.000Z,Coretax
34,dawgfromdahood,2025-07-18T22:45:06.000Z,Coretax itu proyekannya ibu Sri Mulyani?
35,derafa74,2025-07-18T21:31:03.000Z,"Gegara potensial lost? Baru potensial? coba arahkan  perhatian pd systen coretax DJP yg sampai saat ini masih amburadul errornya, berbiaya 1,8T dlm pmbuatannya, pdhal coretax slh satu system yg diandalkan u mngumpulkan pajak saat ini , smoga ada para ahli mnganalisa ini"
36,gregogur,2025-07-18T21:09:03.000Z,Wkwkkwwk yang jelas-jelas merugikan negara secara besar aja ga dikasusin. Coretax
37,iniashee,2025-07-18T19:33:42.000Z,"Coretax, IKN, MBG   Belum aplikasi aplikasi pemerintah yang mudah buat mudah juga hilangnya, padahal proyek pengadaannya ga main main dananya..."
38,MakariOhMakari,2025-07-18T17:18:45.000Z,"OPEN JASA/JOKI PENGERJAAN LAPORAN KEUANGAN DAN AKUNTANSI + PERPAJAKAN   - Pph21, Pph23, Pph25, Final, dll - bisa sesuai request - harga bersahabat - untuk tugas maksimal S1 akuntansi/perpajakan  #zonauang #djp #coretax #pajak #jasakeuangan"
39,AikHoki,2025-07-18T17:13:02.000Z,coretax
40,ethereaals,2025-07-18T16:59:52.000Z,"Jawabannya gini mulu.. awas aja kalo telat lapor terus kena denda, coretax lu tuh benerin dulu! Proyek besar tp hasil gak mutu. Udh 7 bulan masih aja nyusahin wp, at least kasih kepastian gimana nasib wp yg jadi telat lapor karena kesalahan dari sistem lu itu"
41,tahu_tek_,2025-07-18T15:59:48.000Z,"Sejujurnya ini ide yang worth it untuk di-explore, karena - Anggaran Coretax besar, disaat sistem yg dihasilkan ""meh"" - Banyak hipotesa, pendapatan dan pelaporan pajak menurun karena Coretax mempersulit proses perpajakan  Pengen banget ini diusut"
42,kittybunnyna,2025-07-18T15:54:25.000Z,"ilmu perpajakan gua beneran kek masih the tip of the iceberg, skrg makin bingung krn pake coretax gaada tutorialnya buat kasus yg ini"
43,tembokmall,2025-07-18T15:42:38.000Z,nanti lapor spt tahunannya ujung2nya ke coretax sih thn besok klo thn ini kan ke web djp nah thn besok pasti dah ke coretax
44,wibowo_choir,2025-07-18T15:05:29.000Z,"Tax, coretax, coretax, coretax... Negara rugi karena coretax   *Pake nada lagu anak ayam turun berkotek"
45,midazolammmmm,2025-07-18T15:00:55.000Z,"Coretax, beberapa bumn juga, kalo mau dicari potential lossnya mah banyak bgttt"
46,bapaeta,2025-07-18T14:59:48.000Z,Ayo kejar Coretax!
47,erbie_regnal,2025-07-18T14:56:40.000Z,"coretax sampe skrg gimana dah kelanjutannya, itu kan apa bukan kerugian negara ya? karena mempersulit orang bayar pajak dan akhir e emg banyak yg ga bayar pajak. sama sama potential loss dong kaya kasusnya gula ini? apa bisa dipidana juga?"
48,auliarossari,2025-07-18T14:55:48.000Z,Jangan lupa coretax
49,myrashafa,2025-07-18T14:54:55.000Z,coretax merugikan rakyat bukan cuma uang tp tenaga & mental
50,nyimanyim,2025-07-18T14:51:02.000Z,"IKN, Food Estate, Coretax, MBG, Chromebook.  Tapi yg dipenjara Tom Lembong."
51,rizletmk,2025-07-18T14:29:41.000Z,"Coretax Sampe triliun, Bandara kertajati itu apa ya bang"
52,adawamanarp,2025-07-18T13:59:37.000Z,"Kalo batasannya setipis itu, gw rasa penjara akan penuh, gw seneng, tp gw tau ini semua mungkin krn Tom oposisi aja. Kabinet Jokowi dua periode aja semua korup kalo gitu, Coretax apa kabar? IKN? MBZ? Food estate?"
53,Br__AM,2025-07-18T13:57:49.000Z,oopss coretax juga
54,PajakGropet,2025-07-18T13:57:31.000Z,"#KawanPajak, waspada penipuan yang mengatasnamakan DJP!  Modus penipuan seperti phising, sniffing, dan social engineering kembali marak, termasuk yang dikaitkan dengan implementasi Coretax DJP."
55,dearwonwo0,2025-07-18T13:53:45.000Z,Coretax bener2 lah bikin w mumet seharian
56,DavidHDS1,2025-07-18T13:51:42.000Z,Pdhl lebih parah pengadaan Coretax ga sih ???
57,Pip1902,2025-07-18T13:50:02.000Z,"Hadeh, bung coretax anda saja penuh drama berjilid-jilid  @DitjenPajakRI"
58,peppsky,2025-07-18T13:44:16.000Z,Coretax ??
59,Tokopaediii,2025-07-18T13:43:26.000Z,"Lah tolol, apa kabar coretax yang merugikan negara sampe triliunan. Sementara Tom Lembong 1 rupiah pun gak pernah terbukti masuk ke kantong pribadinya."
60,ravonnarenss,2025-07-18T13:42:43.000Z,Gw sumpahin yg bikin coretax boolnya disumpel dildo berdiameter 30 cm sampe botol mijon bisa masuk ke sana
61,daffarayhanz_,2025-07-18T13:36:16.000Z,potensi kerugian dianggap merugikan negara noh liat coretax ga beres-beres padahal tender gede kualitas ecek ecek.. cih  https://tempo.co/ekonomi/penerimaan-pajak-merosot-apindo-hingga-kini-coretax-masih-banyak-masalah-1220676#goog_rewarded…
62,lluvbluue,2025-07-18T13:10:43.000Z,wkwkwk kalo kaya gitu mah mending bubarin coretax sekalian biar gabisa bikin faktur pajak trs jadinya gaada setoran ppn deh
63,RendyAksa__,2025-07-18T13:08:55.000Z,"Kalau pakai logika yang sama, IKN allegedly ‘sunk cost’, Coretax mengurangi penerimaan negara karena banyak errornya. Korupsi bukan???"
64,jumpladies,2025-07-18T13:00:00.000Z,Hallo Open Jasa Pajak  ~ Tanggapan SP2DK ~ Bukti Potong ~ Pembuatan Laporan Keuangan  ~ Lapor SPT Tahunan Kurang Bayar/Lebih Bayar 10jt-100jt   #jokipajak #coretax #zonauang
65,pajakmdnbelawan,2025-07-18T12:59:31.000Z,"#KawanPajak, waspada penipuan yang mengatasnamakan DJP!  Modus penipuan seperti phising, sniffing, dan social engineering kembali marak, termasuk yang dikaitkan dengan implementasi Coretax DJP."
66,Resitwo,2025-07-18T12:55:41.000Z,Bener coretax itu gaada yg dipenjara kambing
67,dodisegrovee,2025-07-18T12:55:37.000Z,"Konsep potential loss digunakan secara selektif  Jika Tom yang salah, hukumannya konkret.Jika negara yang salah ?  Coretax adalah studi kasus tentang kesalahan negara yg tak pernah dihukum  Karna kegagalannya dibungkus bonus, jabatan, dan proyek digital mahal atas nama pelayanan"
68,jumpladies,2025-07-18T11:00:01.000Z,"Haloha Open Jasa Pajak  - Pembuatan Laporan Keuangan  - Pembuatan Neraca Laba Rugi + lapor SPT - Pembuatan Surat Keterangan Bebas Fiskal/Surat Keterangan Fiskal - Lapor SPT Tahunan Orang Pribadi, UMKM, Badan Usaha  - Keberatan Pajak   #jokipajak #zonauang #coretax"
69,yutayuppi,2025-07-18T10:51:53.000Z,"Si anjir beneran nih divisi ga di perusahaan A ga di perusahaan B sama aja, minta tolong bantu daftarin coretax malah pada balik duluan tai dah"
70,brive__,2025-07-18T10:50:05.000Z,"Masih penasaran, Coretax yang jelas2 ngerugiin negara, ngerepotin pegawai DJP, bikin susah WP & PKP.   Tapi kok belum berita pengusutan ya?"
71,Jelli_cent,2025-07-18T10:44:48.000Z,"Hmmm Biar bisa ""diefisiensikan"" lagi?   Percaya gitu coretax jalan dg tambahan anggaran? Yg Ada jg palingan ""dimanfaatkan"" anggarannya"
72,kyuwoo03,2025-07-18T10:32:40.000Z,"@kring_pajak  ka mau tnya, saya mau buat pembetulan SPT PPh Masa Jan krn ada kesalahan input jenis pasal PPh, yg berakibat adanya lbh bayar.  1. Trs saya mau mengajukan PBKnya, apakah melalui coretax atau msh bisa secara manual (tulis surat ke KPP) ka?"
73,shiname___,2025-07-18T10:24:28.000Z,Coretax minta di hajar
74,yukitamazia,2025-07-18T10:15:22.000Z,"aduh, flashback ke coretax."
75,feivst,2025-07-18T10:09:17.000Z,Coretax(?)
76,arifbalikpapan1,2025-07-18T10:06:18.000Z,"Minta tambahan lagi 1,79T? Apa mau bikin Coretax Baru? Kok ya enak minta anggaran sebegitu besarnya kalau mau perbaiki software"
77,kring_pajak,2025-07-18T08:57:56.000Z,"Hai, Kak.  Mohon maaf atas ketidaknyamanannya. Jika masih mengalami kendala yang sama setelah melakukan beberapa cara di atas, error pada laman Coretax DJP bisa dilaporkan melalui sistem MELATI untuk dibuatkan tiket permasalahan melalui helpdesk KPP atau layanan Kring Pajak"
78,kring_pajak,2025-07-18T08:56:52.000Z,"Hai, Kak.  Terkait pelaporan SPT Masa PPN, pada sistem Coretax kompensasi lebih bayar PPN akan secara otomatis diperhitungkan untuk Masa Pajak berikutnya. Oleh karena itu, tidak ada lagi menu pilihan Masa Pajak tujuan kompensasi pada pelaporan SPT Masa PPN di e-Faktur Coretax."
79,kring_pajak,2025-07-18T08:54:27.000Z,"Hai, Kak.  Taxmin konfirmasi terlebih dahulu. Apakah sudah dipastikan data kompensasi dari SPT Masa PPh Pasal 21 pembetulan yang dimaksud telah masuk di menu “Surat Pemberitahuan (SPT)-Dasbor Kompensasi” pada Coretax DJP? Dan apakah SPT Masa PPh Pasal 21 yang Kakak akan laporkan"
80,kring_pajak,2025-07-18T08:47:01.000Z,"Hai, Kak.  Apakah yang dimaksud adalah membuat faktur pajak pengganti? Jika iya, saat ini faktur pajak pengganti dapat dibuat melalui coretax ya kak.  Tks*Rika."
81,ishkzl_,2025-07-18T08:46:40.000Z,"ngebuat coretax sampe 1.3T tapi aktivasi akun masih harus ke KPP terdekat. sinting y djp. tu duit lu pake ape, ngaku gk!"
82,DDTCNews,2025-07-18T08:37:28.000Z,"Cara Mengajukan SKB PPh Atas Warisan Tanah-Bangunan Lewat Coretax  Pengalihan harta berupa tanah dan/atau bangunan karena waris juga memperoleh pengecualian kewajiban pembayaran atau pemungutan PPh, asal ada SKB dari DJP.  #ddtc #ddtcnews #KonsultasiPajak"
83,kring_pajak,2025-07-18T08:28:22.000Z,"Hai, Kak. Notifikasi tersebut muncul karena NIK belum terdaftar dalam sistem Coretax. Sehingga, sistem memberikan opsi kepada Wajib Pajak untuk menggunakan TIN 9990000000999000 sebagai TIN sementara penerima penghasilan pada bukti potong PPh Pasal 21.  Agar bukti potong dapat"
84,kring_pajak,2025-07-18T08:27:46.000Z,"Hai, Kak. Jika yang dimaksud merupakan Riwayat pelaporan SPT Tahunan PPh Orang Pribadi Tahun Pajak 2024, maka Kakak dapat mengecek Riwayat pelaporan tersebut di akun coretax kakak pribadi pada menu Surat Pemberitahuan > Surat Pemberitahuan > SPT Dilaporkan. Silahkan dipastikan"
85,kring_pajak,2025-07-18T08:26:03.000Z,"Hai, Kak. Terlampir tutorial pengajuan Permohonan Pengembalian Pajak yang Seharusnya Tidak Terutang melalui Coretax, ya. https://youtube.com/watch?v=tOMrynirIkA… Apabila kakak masih memerlukan informasi lebih lanjut, silahkan dapat menghubungi kami kembali melalui layanan telepon kring pajak"
86,Hanif_Az19,2025-07-18T08:19:08.000Z,Halo  @kring_pajak    Dapet fp dari vendor tetapi nmr serinya beda dengan yg ada di coretax   Contoh di coretax 4 digit terakhir dgn nmr 2000 tetapi pas cetak pdf itu muncul 1993   Thx Mohon untuk diberi jawaban
87,kring_pajak,2025-07-18T08:09:07.000Z,"Hai, Kak.  Untuk saat ini, pendaftaran NPWP dapat dilakukan secara online melalui http://coretaxdjp.pajak.go.id  Jika Kakak ingin melakukan pendaftaran NPWP bagi orang pribadi, panduannya dapat dilihat di laman berikut: http://pajak.go.id/sites/default/files/2024-09/Buku%20Manual%20Coretax%202024%20-%20Pendaftaran%20WP%20Orang%20Pribadi.pdf…  Merujuk pada Pasal 14 PER-7/PJ/2025,"
88,hiarckuniverse,2025-07-18T07:48:49.000Z,"Kak, ini jadinya gimana? Kemarin katanya sama saja baik isi di efaktur dekstop dan coretax tidak ada perbedaan, dan selama isi di field masing-masing, nama bkp/jkp cukup diisi namanya saja karena nantinya qty dan harga satuan otomatis masuk ke kolom nama barang -"
89,deluluf1girly,2025-07-18T07:40:40.000Z,"Halo  @kring_pajak   Dikolom faktur pajak keluaran pada saat sy upload faktur pajak, nama penandatanganan biasanya nama direktur. Ini berubah menjadi nama perusahaan.   Faktur upload hr ini namanya kembali jd nama direktur  Apakah terjadi perubahan pada sistem coretax?"
90,neverdoesexist,2025-07-18T07:38:01.000Z,"udh tau faktur pajaknya ribuan, kirim per minggu kek, skalinya ada revisi kan jd bingung karna udh keburu di upload ke coretax. monyettt"
91,jeanunnie_13,2025-07-18T07:37:05.000Z,"@kring_pajak  kak coretax lagi error kh? ini aku ada 27 nota gabisa di impor xml, padahal bulan"" kemarin tidak ada masalah dgn idtku costumer"" ini bisa di upload juga, template converter uda pakai yg terupdate, coretax ada perubahan lagi / error kak?"
92,kring_pajak,2025-07-18T07:35:11.000Z,"Hai, Kak. Iya Kak, untuk mendapatkan SKB PPh Pasal 22, dapat mengajukan permohonan SKB PPh Pasal 22, Wajib Pajak dapat mengajukan permohonan melalui Coretax atau ke KPP terdekat, ya Kak. Untuk ketentuannya dapat dilihat dalam Pasal 70 s.d 78 PER-8/PJ/2025. Untuk penyampaian SKB"
93,icakyourbae,2025-07-18T07:26:32.000Z,kata gw mah coretax kaya tai babi dongo
94,kring_pajak,2025-07-18T07:24:43.000Z,"Hai, Kak. Apakah belum muncul secara prepopulated? Kakak dapat  mengecek di Coretax pada menu Dokumen Lain Pajak Masukan - Pilih ""Create From Interface"". Nomor dokumen yang sama tidak dapat diinput dua kali.  Apabila belum muncul dan tidak bisa diinput secara manual, Kakak dapat"
95,kring_pajak,2025-07-18T07:23:42.000Z,"Hai, Kak. Mohon maaf atas ketidaknyamanannya. Atas kendala error 400 OK silakan mencoba untuk mengganti format date and region pada komputer yang digunakan menjadi UTC+7 Bangkok Hanoi Jakarta. Selain itu silakan juga mencoba langkah berikut sebelum mengakses Coretax:  1. Pastikan"
96,kring_pajak,2025-07-18T07:22:40.000Z,"Hai Kak, Terkait Pemberitahuan Ekspor Jasa Kena Pajak (PEJKP) tidak perlu pengajuan ke Bea Cukai terlebih dahulu, ya Kak. Kakak dapat langsung membuat dokumen PEJKP tersebut melalui Coretax dengan Langkah-langkah sesuai yang dijelaskan Taxmin sebelumnya, ya Kak.  Tks*Maro"
97,kring_pajak,2025-07-18T07:21:45.000Z,"Hai, Kak. Jika yang Kakak maksud adalah untuk pendaftaran NPWP Badan, Kakak bisa melakukan pendaftaran NPWP melalui laman Coretax pada http://coretaxdjp.pajak.go.id. Pada laman utama Coretax, silakan memilih menu “Daftar disini” untuk memulai pendaftaran NPWP. Pada Langkah Persiapan"
98,kring_pajak,2025-07-18T07:09:23.000Z,"Hai, Kak.  Terkait data pembetulan SPT Masa Desember tahun 2024 yang belum masuk Coretax, disebabkan karena masih dalam proses migrasi data.   Mohon menunggu migrasi data SPT tersebut secara berkala ya, Kak. Mohon maaf atas ketidaknyamanannya.  Tks*Atra"
99,silarakhito,2025-07-18T07:08:10.000Z,"Ntar tinggl deketmu hrs mikir coretax pulak, ooh tydaaaac"
100,kring_pajak,2025-07-18T07:03:05.000Z,"Hai, Kak. Mohon maaf atas ketidaknyamanannya. Sebelum membuka aplikasi coretax disarankan kakak mencoba Langkah berikut: 1. Clear cache dan cookies pada browser; 2. Gunakan New Private Window atau New Incognito Window; 3. Gunakan browser lain, jaringan lain atau perangkat"
101,alphaquila_,2025-07-18T05:02:52.000Z,"cuma bisa bilang ""hah apasihhh"" selama pake coretax"
102,bitteriepaws,2025-07-18T04:52:01.000Z,"OPEN JASA/JOKI PENGERJAAN LAPORAN KEUANGAN DAN AKUNTANSI + PERPAJAKAN   - Pph21, Pph23, Pph25, Final, dll - bisa sesuai request - harga bersahabat - untuk tugas maksimal S1 akuntansi/perpajakan  #zonauang #zonabu #coretax #djp #pajak #finance #tax"
103,pitaminsea,2025-07-18T04:51:34.000Z,Coretax ga jelas banget sumpahhh
104,akunpalsuwk,2025-07-18T04:44:47.000Z,"lek, long time no see.   izin tanya klo misalkan pengajuan pengembalian (restitusi) di coretax itu apa bisa dimasukkan ke deposit ya? soalnya rekening jg tdk muncul ketika ak pengajuan. tlg dijawab dan dibantu. makasiii  @kring_pajak"
105,galuh_Indah,2025-07-18T04:40:41.000Z,"@kring_pajak  kak infonya pemerintah memperpanjang (bebas pemotongan pajak buat UMKM) sampai tahun 2025, utk menerbitkan kembali S.KET nya di coretax melalui menu apa ya kak? karena di DJP pada menu KWSP sudah tidak bisa di buka lagi"
106,kring_pajak,2025-07-18T04:31:50.000Z,"Hi, Kak.  Mohon maaf sebelumnya atas ketidaknyamanannya. Apakah Kakak bermaksud akan merekam bukti potong di menu eBupot?  Jika benar, pastikan NIK yang kakak gunakan untuk login merupakan Pihak Terkait yang telah ditunjuk dalam aplikasi Coretax sebagai PIC ataupun sebagai"
107,icaneverbow,2025-07-18T04:28:23.000Z,Coretax bapuk banget anjilah
108,ciseukeik,2025-07-18T04:28:04.000Z,"Karena masalah coretax gua jdi mikir initu sebenernya negara ini kaya banget gasi? Cuma korupsinya emang ""nggilani"" atau indonesia ga pinter ngatur uangnya? Soalnya indo kalo apa2 tuh selalu over budget, atau gua yg gak tau harga pasar materialnya?"
109,rifkialfahrizal,2025-07-18T04:16:49.000Z,Min untuk penonaktifannya di coretax boleh diinfokan caranya?
110,destananda,2025-07-18T04:10:11.000Z,"berarti pegawai A bisa dapat bukti Potongnya 2 ya, dari Pusat & Cabang, secara system coretax saya belum coba neh bisa jadi nanti pada saat bikin 1721 A1 Pusat, gaji nya ngebaca semua penghasilan yg dari pusat & Cabang, atau sebalik nya pada saat pembuatan Bupot 1721 A1 Cabang.."
111,akuntanjasa,2025-07-18T04:00:00.000Z,"Alooh Open Jasa  - Pembetulan SPT - SPT masa 15, 21, 22, 23, 26, 4 (2), Bulanan Unifikasi - Pembuatan Laporan Keuangan - Pembuatan Surat Keterangan Bebas Fiskal/Surat Keterangan Fiskal   #zonauang #jokipajak  #coretax"
112,blckrosesoonday,2025-07-18T03:29:57.000Z,coretax eror ya? kok buffering mulu
113,mogumiguz,2025-07-18T03:19:59.000Z,"nyoba pake coretax aja lo gak pernah, gimana lo mau tahu seberapa anehnya coretax!"
114,nissaxsha,2025-07-18T03:17:23.000Z,"Starter pack kerja sebagai konsultan pajak, musuh nya coretax   VOOVA Tas Laptop, 12""-16"" Jinjing Protable Waterproof"
115,glowiecloud,2025-07-18T03:11:00.000Z,coretax lama bgt loading anjay
116,derafa74,2025-07-18T03:02:05.000Z,"Klo hanya klik refresh ga usah diinfo min, tiap hari kita pakai coretax, wa kpp ga pernah di respon pertnyaannya"
117,akuntanjasa,2025-07-18T03:00:00.000Z,"Hiy Open Jasa  ~ Pembetulan SPT ~ SPT masa 15, 21, 22, 23, 26, 4 (2), Bulanan Unifikasi ~ Lapor SPT Tahunan Kurang Bayar/Lebih Bayar 10jt-800jt ~ Pembuatan Surat Keterangan Bebas Fiskal/Surat Keterangan Fiskal   #zonauang #coretax  #jokipajak"
118,Ucay99,2025-07-18T02:57:45.000Z,"@kring_pajak  selamat pagi kring pajak, mau tanya terkait nota retur pajak keluaran, ini sudah terbit, perlu klik apa2 dulu ga seperti desktop efaktur sblmnya, apa sudah otomatis motong di coretax ini?"
119,M4ngU5il,2025-07-18T01:48:35.000Z,...spt-nya coretax sengaja didisain untuk menarik pajak tambahan melalui akal2-an denda?...
120,kring_pajak,2025-07-18T01:48:28.000Z,"Hai, Kak. Untuk melihat nomor KK yang terdaftar pada data unit keluarga suami, silakan membuka akun Coretax suami terlebih dahulu dan cek pada menu Portal Saya > Profil Saya > unit keluarga/Family Tax Unit (FTU) ya.   Tks*Muna"
121,pajaksumut1,2025-07-18T01:39:44.000Z,"Kegiatan ini diikuti oleh bendahara pengeluaran di unit Kanwil Kemenag Sumut. Dengan Penyuluh Kanwil DJP Sumut I sebagai narasumber, para bendahara diberikan paparan komprehensif mengenai fitur-fitur utama dalam sistem Coretax,"
122,pajaksumut1,2025-07-18T01:39:43.000Z,"Kanwil DJP Sumatera Utara I menggelar kegiatan Sosialisasi dan Asistensi Coretax di Aula Kanwil Kementerian Agama Provinsi Sumatera Utara, Rabu (16/7)."
123,cinswizzle,2025-07-18T01:39:05.000Z,"@kring_pajak  halo, saya sudah melakukan SPT pembetulan PPN di coretax dan sudah muncul di dasbor kompensasi, tp angka LBnya belum muncul2 juga di SPT masa juni (saya sudah coba posting ulang SPT berkali2). bagaimana ya solusinya?"
124,kring_pajak,2025-07-18T01:35:29.000Z,"Hai, Kak. Aktivasi Akun Wajib Pajak melalui portal Coretax dapat disetujui dan disimpan sepanjang detail kontak yaitu E-mail, nomor telepon dan validasi verifikasi identitas (swafoto) Wajib Pajak telah tervalidasi (tercentang hijau).  Apabila diyakini isian tersebut sudah valid"
125,kring_pajak,2025-07-18T01:32:23.000Z,"Hai, Kak.  Sebagai informasi pelaporan SPT Tahunan PPh tahun pajak 2025 di tahun depan akan dilakukan melalui laman Coretax DJP. Oleh sebab itu, untuk dapat melakukan pelaporan dan mendapatkan layanan melalui Coretax DJP harus terlebih dahulu melakukan aktivasi akun di laman"
126,kring_pajak,2025-07-18T01:31:49.000Z,"Hai, Kak.  Apakah yang dimaksud bukti potong A1 untuk tahun pajak 2025?    Notifikasi ""NIK invalid"" pada laman Coretax disebabkan karena atas NIK tersebut belum pemadanan/belum aktivasi NIK sebagai NPWP/belum registrasi akun Coretax.  Apabila lawan transaksi telah memenuhi"
127,xxxinanbluu,2025-07-18T01:27:33.000Z,"mau tanya skrg faktur pajak di nama bkp/jkp apa hrs ditulis jmlh unit dan harga jualnya sesuai di lampiran per 11 pj 2025, sedangkan di coretax sudah ada kolom unit, harga jual. kalau dari customer meminta namanya hrs sesuai inv bagaimana ya?  @kring_pajak"
128,Freyyyyaaaaaa,2025-07-18T01:22:16.000Z,@kring_pajak  kenapa ketika mau membuat ebupot PPH21 auto langsung logout ya dari aplikasi coretax? dan ini daei kemarin
129,kring_pajak,2025-07-18T01:20:21.000Z,"Hai, Kak. Mohon maaf atas ketidaknyamanannya. Apakah masih mengalami kendala yang sama? Terkait kendala loading pada saat pendaftaran NPWP melalui Coretax, silakan ditunggu terlebih dahulu ya, Kak. Jika masih belum bisa dan belum berhasil terkirim pendaftaran NPWP-nya, silakan"
130,arashthirt,2025-07-18T00:04:52.000Z,Coretax oalah coretax
131,Razorian3,2025-07-17T23:58:40.000Z,Eror coretax nya?
132,Justmet12,2025-07-17T23:55:01.000Z,"IKN, kertajati, kereta cepat, coretax???"
133,saraf1325,2025-07-17T22:50:01.000Z,Kayaknya sekarang akuntan harus punya basic skill di accurate sama coretax nder.
134,derafa74,2025-07-17T21:39:15.000Z,"Restitusi  PENDAHULUAN atas lebih bayar PPN JUNI 2025, sjak pake coretax baru kali ini progressnya tidak muncul di menu kasus saya, biasanya proses updatenya bisa dipantau di menu kasus saya, skrg kosong tdk ada kererangan apa2"
135,Setyawan_June,2025-07-17T21:11:21.000Z,Anonymus gak ada niat bikin coretax down setahun aja.
136,cakkrraa,2025-07-17T19:48:52.000Z,"benerin coretax nya dulu ya, nanti klo dah bener orang bayar pajak lebih seneng kok  jangan tolol macem eselon eselon mu"
137,crusadermon,2025-07-17T19:19:58.000Z,Oh iya trs utk pph final bulan juli kemarin saya sudah bayar dan saya cek di coretax billingnya masih tertunggak. Tolong atur dulu
138,ludictionariz,2025-07-17T15:42:46.000Z,tiap hari kerjaan temenku misuhi coretax
139,hawru29,2025-07-17T15:40:15.000Z,kalo accounting doang ada ga kak ? gua uda kenyang dg coretax soalnya
140,dagnaaf,2025-07-17T15:20:08.000Z,Gak kebayang lagi pas April 2026 coretax dibuka se Indonesia terus error. Submit lewat manakah jadinya?
141,navika_erc,2025-07-17T15:14:25.000Z,"Baru baca Renstra ranwal, eh surat  coretax masok kudu tuntas tgl 20. Sedangkan bulan Juni ada yg blm cair"
142,rahaiu_,2025-07-17T15:12:55.000Z,"@kring_pajak  2. apakah bisa dilakukan PBK PPh final atas penjualan tanah tahun 2023 apabila SSP sudah divalidasi oleh sistem DJP. Jika bisa dilakukan, untuk pengajuan lewat coretax atau langsung ke KPP? -cont"
143,rahaiu_,2025-07-17T15:12:08.000Z,"@kring_pajak  1. apakah bisa dilakukan PBK atas setoran PPh final atas penjualan tanah tahun 2019? Jika bisa dilakuan, untuk pengajuan lewat coretax atau langsung ke KPP (untuk syarat dokumen apa saja yang dibawa)? -cont"
144,Alfamaulana01,2025-07-17T15:00:38.000Z,Doa aja semoga coretax g dilanjut lg......
145,akuntanjasa,2025-07-17T14:00:00.000Z,"Hi hi hi Open Jasa  - Lapor SPT Tahunan Orang Pribadi, UMKM, Badan Usaha  - Keberatan Pajak - Banding Pajak - Tanggapan SP2DK - Pembuatan Neraca Laba Rugi + lapor SPT   #zonauang #jokipajak  #coretax"
146,FaizDila04,2025-07-17T12:01:04.000Z,Bedahara kantor masih ngamuk-ngamuk kalau di tanya coretax
147,akuntanjasa,2025-07-17T12:00:02.000Z,"Haaayyy Open Jasa  - Pembetulan SPT - SPT masa 15, 21, 22, 23, 26, 4 (2), Bulanan Unifikasi - Pembuatan Laporan Keuangan - Pembuatan Surat Keterangan Bebas Fiskal/Surat Keterangan Fiskal   #coretax   #zonauang   #jokipajak"
148,dikaizm,2025-07-17T11:58:10.000Z,"btw coretax termasuk merugikan negara, kok blm ada yg dikriminalisasi sich wok"
149,seaulee,2025-07-17T11:15:25.000Z,KELAAARR SMPE BIKIN REPORT HAHAY NEXT KTA BLAJAR CORETAX
150,txtdaritaxpayer,2025-07-17T11:05:28.000Z,"Hai, aku Sore. Istri kamu dari masa depan. Coretax masih sering error, btw. Dan Opung masih nyuruh kita nunggu 5-6 dekade lagi"
151,blckrosesoonday,2025-07-17T11:03:41.000Z,Masih 100 invoice lg belom gue input ke coretax..... Hadehhh
152,akuntanjasa,2025-07-17T11:00:00.000Z,"Haii Open Jasa  ~ Pembetulan SPT ~ SPT masa 15, 21, 22, 23, 26, 4 (2), Bulanan Unifikasi ~ Lapor SPT Tahunan Kurang Bayar/Lebih Bayar 10jt-800jt ~ Pembuatan Surat Keterangan Bebas Fiskal/Surat Keterangan Fiskal   #zonauang  #coretax  #jokipajak"
153,kring_pajak,2025-07-17T09:32:57.000Z,"Hai, Kak.   Mohon maaf atas ketidaknyamanannya. Saat ini permasalahan tersebut sedang ditangani oleh tim terkait. Taxmin menyarankan untuk mencoba langkah berikut sebelum mengakses Coretax kembali:  1. Pastikan koneksi internet stabil;  2. Clear cache & cookies pada browser yang"
154,hiarckuniverse,2025-07-17T09:31:16.000Z,"Kak, untuk lewat efaktur dekstop kan tidak ada satuan unit di faktur pajaknya, itu bagaimana ya?  Karena di efaktur dekstop kan tidak ada dan tidak support untuk keterangan satuan, tetapi di cek coretax bagian satuannya otomatis terisi dengan satuan lainnya."
155,terjxual,2025-07-17T09:22:00.000Z,"real, tiada hari untuk tidak marah2 karena coretax"
156,kring_pajak,2025-07-17T09:17:20.000Z,"Hai, Kak.  Apakah modul yang kakak maksud adalah aplikasi/akses untuk melakukan pelaporan SPT Tahunan PPh Badan di coretax?.  Jika iya, modul untuk SPT Tahunan PPh Badan saat ini belum tersedia ya Kak. Silakan ditunggu sampai dengan periode pelaporan berlangsung.  Tks *Osua"
157,kring_pajak,2025-07-17T09:16:23.000Z,"Hai, Kak.  Silakan login menggunakan akun PIC kemudian impersonate ke wajib pajak instansi pemerintah untuk menerbitkan bukti potong, ya Kak. Pastikan PIC sudah membuat Kode Otorisasi (KODJP) di akun coretax pribadinya. Pembuatan kode otorisasi atau sertifikat elektronik hanya"
158,kring_pajak,2025-07-17T09:13:38.000Z,"Hai Kak, Untuk pelaporan SPT Masa PPN yang tepat waktu maupun terlambat keduanya dapat dilaporkan melalui Coretax ya Kak. Berikut tutorial untuk pelaporan PPN status kurang bayar https://youtube.com/watch?v=8kOBPii1eLc… Berikut tutorial untuk pelaporan PPN status Nihil"
159,kring_pajak,2025-07-17T09:04:06.000Z,"Mohon maaf atas ketidaknyamanan yang dialami. Silakan melakukan langkah berikut sebelum mengakses laman Coretax: 1. Bersihkan cache & cookies di browser yang digunakan. 2. Gunakan mode New Incognito atau New private window. 3. Gunakan browser, perangkat, dan/atau sambungan"
160,kring_pajak,2025-07-17T09:01:29.000Z,"Hai, Kak.  Mohon maaf atas ketidaknyamanannya. Atas kendala error 400 OK silakan mencoba untuk mengganti format date and region pada komputer yang digunakan menjadi UTC+7 Bangkok Hanoi Jakarta.   Selain itu silakan juga mencoba langkah berikut sebelum mengakses Coretax:  1."
161,akuntanjasa,2025-07-17T09:00:03.000Z,Hellaw Open Jasa   ~ Banding Pajak ~ Bukti Potong ~ Tanggapan SP2DK ~ Pembuatan Laporan Keuangan ~ Pembuatan Neraca Laba Rugi + lapor SPT   #zonauang  #coretax  #jokipajak
162,kring_pajak,2025-07-17T08:41:10.000Z,"Hai, Kak.    Betul kak. Sesuai informasi sebelumnya untuk saat ini sistem Coretax telah mengakomodir pemilihan alamat dan NITKU cabang apabila transaksi dilakukan oleh cabang.  Tks*Hita"
163,kring_pajak,2025-07-17T08:41:09.000Z,"Hai, Kak. Yang dimaksud Contact Center pada Pasal 45 ayat (2) PER-7/PJ/2025 adalah Kring Pajak 1500200. Namun saat ini, penghapusan NPWP badan hanya dapat diajukan secara langsung ke KPP Terdaftar, melalui pos, perusahaan jasa ekspedisi, atau jasa kurir dan melalui akun coretax"
164,easy3gesrek,2025-07-17T08:39:47.000Z,Blekok siah coretax
165,kring_pajak,2025-07-17T08:32:39.000Z,"Hai, Kak. Untuk mendapatkan Bukti Penerimaan Negara (BPN) tersebut, silakan dapat melakukan konfirmasi ke lawan transaksi ya, Kak. Dalam hal ini, SSP tersebut belum tersedia pada coretax pihak penjual.  Tks*Okni"
166,riillear,2025-07-17T08:31:19.000Z,"@kring_pajak  selamat siang Pak/Bu ingin bertanya jika sudah mengajukan pencabutan pkp di coretax, apakah bisa langsung mengajukan non aktif npwp?"
167,kring_pajak,2025-07-17T08:29:08.000Z,"Hai, Kak. Boleh dijelaskan lebih detail terkait yang dimaksud atas pembayaran VAT OS ? Secara umum, penginputan BPN atas pembayaran FP yang dipersamakan sebagai faktur pajak, dapat diinput melalui menu efaktur > Dokumen Lain Pajak Masukan pada aplikasi Coretax DJP. Kakak dapat"
168,Kanshaun,2025-07-17T08:28:57.000Z,saya menanyakan untuk wajib pajak dana pensiun. bagaimana cara pelaporan angsuran pph 25 di coretax?
169,kring_pajak,2025-07-17T08:28:18.000Z,"Hai, Kak. Untuk KK bisa menggunakan salinan atau soft file ya kak, mohon dipastikan jika datanya dapat dibaca dengan jelas. Jika sudah melakukan pemadanan, kakak bisa melakukan aktivasi akun di Coretax. Untuk Wajib Pajak OP yang telah terdaftar sebelumnya, namun belum memiliki"
170,kring_pajak,2025-07-17T08:23:25.000Z,"Hai, Kak.  Tidak terdapat perbedaan tata cara pengisian faktur pajak baik melalui aplikasi e-faktur desktop maupun  melalui coretax, tata cara pengisian faktur pajak tetap mengacu pada ketentuan Lampiran PER 11/PJ/2025 pada halaman 285   huruf b.  Tks*Wara"
171,kring_pajak,2025-07-17T08:22:30.000Z,"Hai, Kak.  Pembayaran pajak pada SPT Unifikasi di Coretax merupakan satu kesatuan dengan penyampaikan SPT. Sesuai dg PMK 81 Tahun 2024 Pasal 109 ayat (3), pembayaran pajak sebagai satu kesatuan dengan penyampaian Surat Pemberitahuan (SPT) tidak dapat diajukan Pemindahbukuan."
172,kring_pajak,2025-07-17T08:20:37.000Z,"Hai, Kak. Deposit Pajak dapat digunakan untuk pembayaran tunggakan pajak yang Wajib Pajak miliki ya. Kakak dapat mengaksesnya pada akun Coretax dengan mengikuti langkah-langkah sebagai berikut: a. Pilih modul Pembayaran b. Pilih Pembuatan Billing atas Tagihan Pajak c. Pilih"
173,kring_pajak,2025-07-17T08:19:18.000Z,"Hai, Kak.  Dokumen CK-2/CK-3 dapat digunakan sebagai pengurang CK-1 di Dokumen Lain - Pajak Keluaran. Untuk penginputan CK-2/CK-3, silakan Kakak coba input di Coretax melalui menu e-Faktur > Dokumen Lain > Retur Dokumen Lain Keluaran > Buat Retur> Nomor Dokumen diisi dengan data"
174,kring_pajak,2025-07-17T08:13:26.000Z,"Hai, Kak.  Apakah saat ini masih mengalami kendala yang sama? Mohon kesediaannya untuk mencoba kembali dengan melakukan clear, cache, dan cookies terlebih dahulu di browser yg digunakan sebelum mengakses laman coretax kembali dan dapat menggunakan private window"
175,kring_pajak,2025-07-17T07:54:55.000Z,"Hai, Kak.  Untuk perekaman Dokumen Lain Pajak Keluaran di Coretax, silakan dilakukan sesuai langkah berikut: 1. Login ke akun PIC, jangan lupa untuk melakukan proses “Impersonate”; 2. klik menu e-Faktur; 3. pada menu Dokumen Lain, klik Pajak Keluaran; 4. jenis transaksi, pilih"
176,Pajaktjgredeb,2025-07-17T07:53:02.000Z,"#KawanPajak, yuk pahami lebih dekat perlakuan penghasilan istri di Coretax DJP! Tahukah kamu? Status NPWP suami dan istri bisa digabungkan atau dipisah, lho, melalui ketentuan pisah harta (PH) dan memilih terpisah (MT). Ini memudahkan pelaporan pajakmu sesuai kondisi."
177,kring_pajak,2025-07-17T07:52:35.000Z,"Hai, Kak.  Mohon maaf atas ketidaknyamanannya. Saat ini permasalahan terkait SPT Masa PPh Unifikasi sedang ditangani oleh tim terkait.  Silakan mencoba kembali secara berkala. Taxmin menyarankan untuk mencoba langkah berikut sebelum mengakses Coretax kembali: 1. Pastikan koneksi"
178,kring_pajak,2025-07-17T07:51:05.000Z,"Hai, Kak.  Terkait perbedaan nomor telepon, apakah yang kakak maksud nomor telepon di Coretax berbeda dengan nomor telepon yang terdaftar di djponline?. Jika iya, nomor telepon yang terdaftar di Coretax merupakan nomor telepon yang digunakan pada saat aktivasi akun Coretax. Jika"
179,Pajaktjgredeb,2025-07-17T07:49:57.000Z,"#KawanPajak Mulai 2026, pelaporan SPT Tahunan PPh 2025 dilakukan lewat Coretax DJP. Setelah aktivasi akun, buat Kode Otorisasi/Sertifikat Digital (KO/SD) untuk menandatangani SPT. Caranya? Login ke Coretax DJP > Portal Saya > Permintaan KO/SD."
180,kring_pajak,2025-07-17T07:48:34.000Z,"Hai, Kak. Untuk mekanisme impor xml, sistem akan tetap melakukan validasi atas isian pada template saat proses posting ke coretax. Pastikan kolom - kolom pada xml yang akan diimpor telah diisi sesuai ketentuan. Tks*Awan"
181,kring_pajak,2025-07-17T07:47:59.000Z,"Hai, Kak.    Untuk pengecekan status NPWP, Kakak dapat cek pada akun Coretax (http://coretaxdjp.pajak.go.id) di menu Portal Saya -> Profil Saya.  Pada menu Ikhtisar Profil Wajib Pajak terdapat Informasi Status Wajib Pajak.     Selain itu, untuk pengecekan status NPWP, Kakak juga dapat"
182,kring_pajak,2025-07-17T07:44:23.000Z,"Hai, Kak.  Sesuai dengan ketentuan Peraturan Direktur Jenderal Pajak Nomor PER-7/PJ/2025, penerbitan Dokumen berupa Kartu NPWP dilakukan dalam jangka waktu paling lama 1 (satu) hari kerja setelah data pendaftaran disampaikan. Dokumen NPWP dapat dilihat pada Akun Coretax Wajib"
183,DwikiAuditya,2025-07-17T07:40:07.000Z,"aktivasi dlu ka, atau lgsg coba menu lupa sandi, kalo pas masukin nik ada preview email/ no hp bisa lgsg lewat menu lupa sandi, nnti d kirim link buat setting password masuk coretax, kalonga muncul preview aktivasi dlu"
184,kring_pajak,2025-07-17T07:38:40.000Z,"Hai, Kak.  Mohon maaf atas ketidaknyamanan yang dialami. Apabila kakak sudah akses dengan login NIK PIC kemudian impersonated ke NPWP perusahaan dan masih error 401, gangguan tersebut disebabkan karena load ke server yang sedang tinggi, sebelum mengakses coretax disarankan untuk"
185,LaporSPTYUK,2025-07-17T07:38:01.000Z,harus bikin akun lg di coretax kak
186,Ryan_Theblues,2025-07-17T07:36:49.000Z,Siang min. Mau buat A1 karyawan resign. Cuma pas di input di coretax NIK invalid padahal cek di data bpjs ketenagakerjaan NIK nya valid ada solusi min?  @kring_pajak
187,dewirahayu98,2025-07-17T07:34:46.000Z,Apakah harus ada pengajuan dulu ke bea cukai kak? Atau bisa lgsg create di coretax
188,kring_pajak,2025-07-17T07:31:47.000Z,"Hai, Kak. Terkait pembuatan faktur dari efaktur desktop memerlukan beberapa saat untuk sinkronisasi di akun Coretax pembeli. Silahkan cek kembali secara berkala ya Kak.  Tks*Pata"
189,DwikiAuditya,2025-07-17T07:29:48.000Z,udah aktivasi d coretax sebelumnya kak ?
190,kring_pajak,2025-07-17T07:28:32.000Z,"Hai, Kak.  Wajib Pajak diberikan kesempatan untuk menyampaikan penjelasan atas SP2DK secara: 1. tatap muka langsung 2. tatap muka melalui media audio visual 3. tertulis.  Untuk menyampaikan penjelasan melalui Coretax, pastikan nomor kasus sudah muncul di akun Coretax Wajib Pajak."
191,kring_pajak,2025-07-17T07:23:53.000Z,"Hai, Kak.  Karena Coretax berbasis web, maka akun Coretax dapat dibuka dalam waktu yang bersamaan di gawai yang berbeda sepanjang diawasi penggunaannya ya Kak.  Tks*Pata"
192,velaxzs,2025-07-17T07:16:09.000Z,tolong ini penandaan geometris di coretax error terus bjirrrrrrr
193,kring_pajak,2025-07-17T07:16:07.000Z,"Hai, Kak.  Sepanjang PIB tersebut termasuk dalam daftar pajak masukan yang tidak dikreditkan atau yang mendapat fasilitas, maka silakan input secara manual di Coretax melalui menu e-Faktur > Dokumen Lain Pajak Masukan > pilih ""Buat Dokumen Lain Masukan"" > Input Data dan untuk"
194,kring_pajak,2025-07-17T07:13:12.000Z,"Hai, Kak. Jika yang dimaksud data faktur pajak masukkan tidak muncul di coretax, silahkan pastikan menu filter di faktur pajak masukkan tidak ada yang aktif ya kak.  Terkait NPWP 15 digit tampilannya sudah benar kak.  Tks*Eyto"
195,kring_pajak,2025-07-17T07:05:00.000Z,"Hai, Kak.  Mohon maaf atas ketidaknyamanannya. Saat ini permasalahan terkait SPT Masa Unifikasi sedang ditangani oleh tim terkait.  Silakan mencoba kembali secara berkala. Taxmin menyarankan untuk mencoba langkah berikut sebelum mengakses Coretax kembali: 1. Pastikan koneksi"
196,interniat,2025-07-17T07:03:41.000Z,@kring_pajak  min aku mau login coretax kenapa ga bisa ya? Udah coba pakai npwp maupun nik tapi ga bisa
197,kring_pajak,2025-07-17T07:02:12.000Z,"Hai Kak, Apakah yang dimaksud restitusi menggunakan ""Formulir Restitusi Pajak"" dalam menu Pembayaran di Coretax? Jika Ya, maka dapat mengacu pada PMK 81 Tahun 2024 ya, Kak. Tks*Oska"
198,zeromilez,2025-07-17T06:39:51.000Z,sebwa terobosan ngerjain coretax sambil nongton ulang tds4
199,kring_pajak,2025-07-17T06:39:20.000Z,"Hai, Kak.  Mohon maaf atas ketidaknyamanannya. Boleh diinformasikan notifikasi error tersebut muncul pada saat Kakak melakukan proses apa? Kakak juga dapat mencoba beberapa langkah berikut sebelum kembali mengakses Coretax: 1. Pastikan koneksi internet stabil; 2. Clear cache &"
200,coretax404,2025-07-17T06:28:41.000Z,Kalau artikelnya terkait coretax seru nih
201,ParisNonik,2025-07-17T06:28:21.000Z,"@kring_pajak  kak, ini solusi utk semua masalah coretax sepertinya ya? Lu kapan rencana benerin? Djp online ngga pernah ada suruh solusi begini. Lu solusinya ini melulu, orang kalo sdh nanya tu sdh pasti lakukan langkah2 standard, mentok baru nanya, tlg jawabnya jng standard gitu."
202,tadeanz,2025-07-17T06:26:57.000Z,sumpah coretax error lagi kah? gua ga bisa liat history faktur anjirrr urgent cok
203,pajakkaltimtara,2025-07-17T06:26:56.000Z,"#KawanPajak Mulai 2026, pelaporan SPT Tahunan PPh 2025 dilakukan lewat Coretax DJP. Setelah aktivasi akun, buat Kode Otorisasi/Sertifikat Digital (KO/SD) untuk menandatangani SPT. Caranya? Login ke Coretax DJP > Portal Saya > Permintaan KO/SD."
204,salmasalaman_,2025-07-17T06:16:19.000Z,Oh gini stressnya coretax…
205,askmearmything,2025-07-17T06:11:49.000Z,Tapi kan lawak yakkkk.. Ini pasal 22 terus nanti dikonversi ke pp23 kek mana? Coretax udah mampu? Terus udah baca yang kayak sewa tanah dan bangunan via pmse belom? ITU KEKONYOLAN YANG HAKIKI
206,akuntanjasa,2025-07-17T06:00:02.000Z,"Hwello Open Jasa  - Pembetulan SPT - SPT masa 15, 21, 22, 23, 26, 4 (2), Bulanan Unifikasi - Pembuatan Laporan Keuangan - Pembuatan Surat Keterangan Bebas Fiskal/Surat Keterangan Fiskal   #coretax  #zonauang #jokipajak"
207,kring_pajak,2025-07-17T05:55:25.000Z,"Hai, Kak.  Dapat diinformasikan lebih lanjut untuk data laporan SPT dimaksud apakah terkait riwayat pelaporan SPT sebelum coretax? Jika ya, Mohon maaf saat ini terkait data riwayat pelaporan tersebut tidak ditampikan dalam akun coretax ya, Kak.  Tks*Srni"
208,akuntanjasa,2025-07-17T05:00:00.000Z,"Holla Open Jasa  ~ Pembetulan SPT ~ SPT masa 15, 21, 22, 23, 26, 4 (2), Bulanan Unifikasi ~ Lapor SPT Tahunan Kurang Bayar/Lebih Bayar 10jt-800jt ~ Pembuatan Surat Keterangan Bebas Fiskal/Surat Keterangan Fiskal   #zonauang #coretax #jokipajak"
209,wufbernardbear,2025-07-17T04:56:36.000Z,"@kring_pajak  min, aku ada retur 2025 masukan atas referensi FP 2024, tapi status FP di coretax masih Approved, padahal di efaktur desktop sudah terkreditkan. Solusinya apa ya min?"
210,kring_pajak,2025-07-17T04:53:36.000Z,"Hai, Kak. Mohon maaf atas ketidaknyamanannya. Sampai dengan saat ini, belum terdapat informasi resmi mengenai kendala bupot unifikasi hilang atau tidak muncul pada saat pelaporan SPT di akun Coretax wajib pajak. Taxmin menyarankan untuk mencoba langkah berikut  sebelum mengakses"
211,uwiyari,2025-07-17T04:51:35.000Z,"@kring_pajak  min utk spt tahunan badan di coretax, apa ada modulnya?"
212,HaySeiya,2025-07-17T04:46:17.000Z,"@kring_pajak  siang kak, mau bertanya, dimana bisa dapat referensi untuk satuan ukur terbaru? di pengisian coretax sudah terdapat ""drum"" sedangkan di referensi yg di download dr converter, belum ada UM yang menunjuk ke ""drum"", mohon dibantu untuk UM yang lengkap, terimas kasih"
213,DwikiAuditya,2025-07-17T04:39:02.000Z,"On terus ya yg msh ada kendala pembuatan npwp badan (gabisa klik lanjut) bisa lanjut ketok DM, d bantu proses krg dr stgh jam...  #zonauang #zonajajan #npwp #coretax"
214,naaeenaa,2025-07-17T04:35:38.000Z,"@kring_pajak  min mau tanya kalo periode pembukuan di spt ppn coretax muncul 04-03 yang seharusnya 01-12, itu cara merubahnya gimana ya? mohon infonya min"
215,pajakrantau116,2025-07-17T04:34:48.000Z,"#KawanPajak Mulai 2026, pelaporan SPT Tahunan PPh 2025 dilakukan lewat Coretax DJP. Setelah aktivasi akun, buat Kode Otorisasi/Sertifikat Digital (KO/SD) untuk menandatangani SPT. Caranya? Login ke Coretax DJP > Portal Saya > Permintaan KO/SD.  Simak langkah lengkapnya berikut!"
216,Kanshaun,2025-07-17T04:30:08.000Z,"@kring_pajak  pagi admin, mau tanya untuk melakukan laporan perhitungan angsuran pph pasal 25 di coretax bagaimana? tolong jelaskan untuk menu atau tutorial di coretax"
217,hayhello15,2025-07-17T04:29:37.000Z,"kalo versiku : 2024 mumet sp2dk, 2025 emosi coretax sekarang nemu kemumetan dan keemusuhan baru bernama pemeriksaan pajak"
218,derafa74,2025-07-17T04:27:51.000Z,"@kring_pajak  coretax pd menu kasus saya knapa smpai skrg ga terupdate? pngajuan restitusi pendahuluan ppn dri tgl 8/7/2025 biasanya tercntum lngkap progressnya sjk awal lapor, ini blank sma skali, ini diproses ga pngajuannya?? tlong ksih solusi yg spesifik,jgn jwaban tmplate min"
219,PerdanaOct,2025-07-17T04:22:29.000Z,"@kring_pajak  selamat siang, izin menanyakan, bagaimana cara input BPN atas pembayaran VAT OS sebagai FP yang dipersamakan sebagai faktur pajak masukan di coretax? Terima kasih"
220,drmwndhva,2025-07-17T04:17:55.000Z,"coretax memang ancur, bisa2 nya nge log out mulu, udah login ke 4 kali lo ini"
221,kring_pajak,2025-07-17T03:14:24.000Z,"Hai, Kak.  Mohon maaf atas ketidaknyamanannya. Jika sudah ubah password dan berhasil login, seharusnya tidak diminta ubah password lagi. Namun apabila Kakak masih mengalami kendala tersebut, silahkan kakak coba beberapa Langkah berikut sebelum mengakses Coretax: 1. Clear cache"
222,ichliebieu,2025-07-17T03:13:44.000Z,"Halo min, jika tahun buku perusahaan saya Juli 2024 - Juni 2025, untuk SPT Tahunan badan 2024 apakah masih menggunakan e-form atau harus menggunakan coretax?  @kring_pajak  @PajakTanahAbng2"
223,kring_pajak,2025-07-17T03:13:39.000Z,"Hai, Kak. Perubahan direksi Badan dapat dilakukan secara mandiri pada aplikasi Coretax pada menu 'Portal Saya', klik 'Profil Saya', klik 'Informasi Umum', klik 'Edit' , klik 'Pihak Terkait'.  Kemudian lakukan pembaruan data sesuai keadaan sebenarnya, kemudian centang pernyataan"
224,rajs__,2025-07-17T03:11:55.000Z,@kring_pajak  halo ka id billing ppnjln sudah benar memasukan masa Juni 2025 tapi kenapa di coretax masa pajak juli ya dan ini ke lock gabisa di edit?
225,sunflowerdusk_,2025-07-17T03:10:48.000Z,"@kring_pajak  halo min, mau tanya terkait akun impersonate coretax, apakah bisa dibuka dan dijalankan secara bersamaan di PC yang berbeda ?"
226,rifkialfahrizal,2025-07-17T03:07:33.000Z,"Selama ini istri sudah jadi PIC di Coretax min, jika kita nonaktifkan NPWP dan digabungkan ke Suami, berarti PIC di Badan Usaha ga otomatis ilang kan min?"
227,kring_pajak,2025-07-17T03:05:33.000Z,"Hai, Kak.  Taxmin konfirmasi terlebih dahulu, VATOS yang dimaksud seperti apa ya kak?  Apabila yang dimaksud adalah PPN Jasa Luar Negeri, maka berikut tatacara input di Coretax. Pada menu eFaktur pilih Dokumen Lain Pajak Masukan pilih Prepopulated Data Pembayaran (Create From"
228,kring_pajak,2025-07-17T03:05:02.000Z,"Hai, Kak. Mohon maaf atas ketidaknyamanannya. Taxmin ralat informasi pada jawaban sebelumnya ya, Kak. Untuk saat ini belum tersedia fitur untuk melakukan unduh bukti potong PPh Unifikasi secara masal pada aplikasi Coretax.  Tks*Isto"
229,kring_pajak,2025-07-17T03:02:07.000Z,"Hai, Kak.  Mohon maaf atas ketidaknyamanan yang dialami.   Apakah Kakak terkendala melakukan pendaftaran NPWP dengan aktivasi NIK di Coretax?  Apabila iya, terkait error Activation: 400 OK, silakan dicoba untuk mengganti format date and region pada komputer yang digunakan menjadi"
230,akuntanjasa,2025-07-17T03:00:03.000Z,Hallo Open Jasa   ~ Banding Pajak ~ Bukti Potong ~ Tanggapan SP2DK ~ Pembuatan Laporan Keuangan ~ Pembuatan Neraca Laba Rugi + lapor SPT   #zonauang #coretax #jokipajak
231,akuntanjasa,2025-07-17T02:00:02.000Z,"Awllo Open Jasa  - Lapor SPT Tahunan Orang Pribadi, UMKM, Badan Usaha  - Keberatan Pajak - Banding Pajak - Tanggapan SP2DK - Pembuatan Neraca Laba Rugi + lapor SPT   #coretax  #zonauang #jokipajak"
232,kring_pajak,2025-07-17T01:56:53.000Z,"Hai, Kak. Mohon maaf atas ketidaknyamanannya. Saat ini permasalahan tersebut sedang ditangani oleh tim terkait. Taxmin menyarankan untuk mencoba langkah berikut sebelum mengakses Coretax kembali: 1. Pastikan koneksi internet stabil; 2. Clear cache & cookies pada browser yang"
233,kring_pajak,2025-07-17T01:56:41.000Z,"Hai, Kak. Untuk pembuatan bukti potong PPh 23 masa Juli 2023 bisa dilakukan di DJP Online ya. Jika ada keperluan pembuatan bukti pemotongan maupun pembetulan SPT Masa PPh 23 (Unifikasi) mulai tahun pajak 2025, silakan menggunakan coretax ya, Kak.  Tks*Fani"
234,kring_pajak,2025-07-17T01:56:24.000Z,"Hai, Kak Pembetulan SPT di coretax pada umumnya menggunakan skema delta SPT, termasuk SPT Masa PPN, yaitu mencatat selisih antara nilai KB/LB pada SPT normal dengan nilai KB/LB yang seharusnya pada SPT pembetulan.  Dalam hal SPT menghasilkan nilai LB kompensasi, maka nilai"
235,itsmealfin9_,2025-07-17T01:55:49.000Z,"Halo min, saya mau di coretax ada menu permohonan pemindahbukuan, dalam hal ini saya ada kelebihan pembayaran di pph unifikasi karena ada pembetulan, apakah saya bisa menggunakan fitur berikut seperti pada gambar? Atau tidak? Mohon pencerahannya  @kring_pajak"
236,1562271278744354816,2025-07-17T01:51:54.000Z,"GUYSS INI GMNN PLZZZ MAU MARAH SAMBIL NANGIS. mau bikin npwp di coretax tpi, kode otp ga masuk-masuk ke sms. udh diisi pulsa masih ga masuk. ini gmn udh sejam astagaa"
237,carpdivrs,2025-07-17T01:49:38.000Z,Coretax kocax
238,sendja012,2025-07-17T00:45:29.000Z,"@kring_pajak  halo, ini konsep SPT Unifikasi masih blm terbaca bupotnya, nilainya masih 0 dari kemarin..  Udh clear cache, ganti device dan incognito masih blm bisa.  Gimana solusinya?  #pajak #coretax #error #coretaxerror"
239,gg_02022020,2025-07-17T00:34:01.000Z,"Banyak kejadian yang sama neh. Imbauan, SP2DK, SP2 tidak muncul di Coretax."
240,sicupuh,2025-07-17T00:32:45.000Z,Parah si temen2 ngamuk semua Mirip coretax lah. Ga siap dah diluncurin n dipaksa pake
241,BellaFelani614,2025-07-16T23:57:15.000Z,@kring_pajak  min apakah Coretax masih Error?
242,NurAzizahSyawal,2025-07-16T22:59:38.000Z,Semua PPh under DJP pake coretax kak.  Kalo pajak daerah & bea cukai beda.
243,icebccstt,2025-07-16T22:57:31.000Z,"@kring_pajak  mau tanya. Dari senin, Saya mau login coretax seperti biasanya, tapi kok slalu diarahkan atur kata sandi ulang ya?? Pdhl tdk ada yang tau pass&press PT selain saya&direktur.. Dan kenapa emailnya beda dengan punya PT saya ya? Saya cek diDJP msh sama dngn punya PT saya"
244,utdpandas,2025-07-16T21:48:26.000Z,apakah coretax termasuk korupsi  @KejaksaanRI  @KPK_RI  @bpkri  ?
245,mysyuga_,2025-07-16T18:16:37.000Z,Baca kata coretax aja udah emosi gw
246,dodisegrovee,2025-07-16T16:36:47.000Z,Ketika para pejabat menjadi jembatan agar coretax masuk ke Indonesia hingga berani pasang badan ..   Dari sebelumnya 4 bulan kini sudah masuk bulan ke-7 ..
247,404rfound,2025-07-16T16:30:37.000Z,Kak maaf mjb ya. Coretax nih buat pajak apa aja ya? Kemaren lapor pph masih di web biasa itu soalnya ga pake coretax. Takut tiba2 dikira ga lapor soalnya
248,irsanpratama,2025-07-16T16:29:42.000Z,Hai hai.. Mohon maaf atas ketidaknyamanannya. Saat ini permasalahan tersebut sedang ditangani oleh tim terkait. Taxmin menyarankan untuk mencoba langkah berikut sebelum mengakses Coretax kembali:  1. Pastikan koneksi internet stabil;  2. Clear cache & cookies pada browser  FAK
249,neverdoesexist,2025-07-16T12:44:08.000Z,coretax kalo spt per 2025 dibawah itu mah masih manual surat
250,myrashafa,2025-07-16T12:42:19.000Z,"apakah soon gw begini karna kemaren gw jg error jumlahnya nggak muncul, udah tanya AR disarankan deposit ke coretax biar nggak terhitung terlambat eh pas gw tanya lg tentang denda taunya kena jg gw malah jd ribet harus pengajuan pembatalan sanksi padahal yg salah kan bukan gw????"
251,qalbinr,2025-07-16T12:33:35.000Z,Wkwkwkwk kaga pernah pegang coretax aing kaga tau perkembangannya
252,kring_pajak,2025-07-16T12:33:23.000Z,"Hai, Kak.  Mohon maaf Taxmin ralat jawaban sebelumnya.  Saat ini permasalahan terkait SPT Masa Unifikasi sedang ditangani oleh tim terkait. Taxmin menyarankan untuk mencoba langkah berikut sebelum mengakses Coretax kembali:  1. Pastikan koneksi internet stabil;  2. Clear cache &"
253,Indraworo,2025-07-16T12:30:54.000Z,Semua error coretax selalu merugikan WP. Apa ada yg pernah ngalamin error coretax tapi menguntungkan WP?
254,NurAzizahSyawal,2025-07-16T12:28:27.000Z,"Numpang marah2 ya, kak.  HARI HARI ISINYA NGELUHIN CORETAX, PADAHAL UDAH IMPLEMENTASI BULAN KETUJUH, ULANG, BULAN KETUJUH, ADAAAAAA AJA TUH TIAP HARI PERMASALAHAN. 15 JULI KUBIKIN UNIFIKASI MASA JUNI GA MASUK, 15 JULI LHO ITU, CRUSIAL2NYA ORANG LAPOR."
255,grok,2025-07-16T12:25:39.000Z,"Wah, moluccas97, minta roast kring_pajak ya? Berdasarkan tweet itu, CoreTax emang juara bikin chaos. Sistemnya kayak mobil rusak: launch Januari 2025, langsung error login, data mismatch, validasi gagal – DGT sampe minta maaf berkali-kali. Kirim surat teguran salah, tapi rakyat"
256,izhiooo,2025-07-16T12:25:16.000Z,Kukira ga akan ketemu coretax. Ternyata ketemu juga
257,pajakbpntimur,2025-07-16T12:24:34.000Z,"#KawanPajak apakah sudah aktivasi akun Coretax DJP? Yuks, siapkan diri untuk pelaporan SPT Tahunan PPh 2025 yang akan dilakukan melalui Coretax DJP. Aktivasi akun cukup mudah, terutama bagi kamu yang sudah punya NPWP 16 digit dan akun DJP Online."
258,gowithdflo,2025-07-16T12:12:20.000Z,"@kring_pajak  mau tanya, apabila ada wp expat (wna, punya npwp), berhenti bekerja dan meninggalkan indonesia juli 2025. Apakah wp op tsb harus menyampaikan spt tahunan pph tahun pajak 2025? Apakah npwp dapat diajukan NE? Bagaimana prosedurnya? Apakah bisa melalui coretax? Trims."
259,mahkamahkon,2025-07-16T12:06:33.000Z,Pajak hanjing guoblaok coretax bangsat aplikasi korup
260,rrawanji,2025-07-16T10:59:08.000Z,"@kring_pajak  tolong dong ini kenapa gabisa login, coretax bilangnya tidak valid padahal gaada yang ganti sandi sama sekali"
261,DwikiAuditya,2025-07-16T10:57:21.000Z,"Alhamdulillah 2 npwp pribadi, 2 npwp badan (kendala gabisa lanjut) done, yg masih ada kendala pembuatan npwp nya bisa lgsg ketuk DM ya di bantu proses sampai jadi... #zonauang #zonajajan #jokinpwp #coretax"
262,kulimain,2025-07-16T10:56:27.000Z,Kaga ada yg mau nuntut kegoblokan ini?   Apa udah cape ngerjain coretax?
263,rrawanji,2025-07-16T10:55:23.000Z,ANJINGGGG CORETAX
264,indrawidjaya,2025-07-16T10:50:10.000Z,mungkin solusi lebih baiknya adalah coretax dialihkan fungsi menjadi aliran musik  @DitjenPajakRI  @kring_pajak
265,Thart30_,2025-07-16T10:49:44.000Z,Serius ini coretax dengan segala carut marutnya nggak ada yang mau audit?
266,arthapatra,2025-07-16T10:46:44.000Z,Coretax ini memang ajaib kok.  Orang dept pajak di kantor aja langsung mendadak jadi ahli IT
267,kepoused,2025-07-16T10:46:29.000Z,@kring_pajak  nanya ya:  Untuk pembuatan NPWP baru untuk WP Badan apakah sudah bisa via Coretax dan diwakilkan oleh Kuasa dari Pengurus ? Mohon info dan dasar hukum ya  Makasih
268,zetsupth,2025-07-16T10:44:35.000Z,rill ga ada di coretax
269,SegelasAirJeruk,2025-07-16T10:41:20.000Z,Dan di dalam rapat internal malah nyalahin WP. Baduttttt
270,azcaryn2,2025-07-16T10:13:48.000Z,heran belom ada yg masuk penjara gara2 coretax
271,myhoomie_,2025-07-16T10:12:51.000Z,Benerin dulu itu coretax wkwkwk
272,qalbinr,2025-07-16T10:02:53.000Z,Surat menyurat bukannya di coretax?
273,ivanyudhis,2025-07-16T09:57:06.000Z,Lah org kpp nya aja ngakuin kok mereka blm siap dgn coretax & msh blm sempurna...cuman emang dipaksain aja.. gitu jawab mrk ketika gw complain soal coretax yg ngaco & ngga bisa² diakses
274,marchseries,2025-07-16T09:51:52.000Z,"kata temen gue yg kerja di konsultan pajak swasta, anggaran aplikasi coretax 1,1 Triluin, tp yang sampe ke programmer cuma puluhan juta. pemerenta sama pekerjanya aja dzolim jir pantes sistemnya jelek tapi ujung2nya nyusahin rakyat juga"
275,kring_pajak,2025-07-16T09:36:45.000Z,"Hai, Kak.  Untuk mekanisme uang muka (barang non mewah) di sistem coretax, silahkan centang uang muka terlebih dahulu pada saat pembuatan Faktur Pajak Keluaran dan ketika Kakak menambahkan detail barang/jasa untuk harga satuan silahkan diisikan sesuai dengan nilai kontrak yang"
276,raratemanmu,2025-07-16T09:32:45.000Z,"@kring_pajak  apa perbedaan kode jasa 160100 dengan kode jasa 16101 pada coretax? Lalu jika saya mau menerbitkan FP atas jasa manajemen, menggunakan kode jasa yg mana ya? Tks"
277,delasnov17327,2025-07-16T09:27:56.000Z,"impor kapal ke luar negri mau sktd, pakai pmk 115. Di coretax ngajuinnya di menu apa? Kurang rinci apa lagi? Data apa aja yang lu butuhin?"
278,pajakpbg,2025-07-16T09:22:09.000Z,"#KawanPajak, KPP Pratama Purbalingga memberikan edukasi coretax kepada 9 desa di Kecamatan Pagedongan, Kab. Banjarnegara pada Rabu (16/07)  Edukasi coretax kepada para bendahara desa ini menitikberatkan pada materi pembuatan bukti potong pajak, pembayaran, dan pelaporan SPT masa"
279,kring_pajak,2025-07-16T09:01:57.000Z,"Hai, Kak.  Silahkan mencoba untuk menghapus konsep SPT Masa Unifikasi yang telah dibuat (dicreate), kemudian silahkan kembali membuat satu konsep SPT Masa Unifikasi dimaksud. Selain itu, silakan Kakak mencoba langkah berikut sebelum kembali mengakses Coretax: 1. Pastikan koneksi"
280,itseea_,2025-07-16T08:58:36.000Z,"sepertinya tetap diminta online, kmrin aku lewat coretax kak"
281,alvin_112002,2025-07-16T08:50:09.000Z,"@kring_pajak , izin tanya kak. Kalau buat Faktur Pajak di Coretax, DPP Nilai Lain, untuk Uang Muka tampilan nya seperti ini ya kak? Harga Jual/Penggantian/Uang Muka/Termin.   Kalau dulu kan kalau di centang uang muka tampilannya Uang Muka /Termin.  Terima kasih"
282,aawraww,2025-07-16T08:45:26.000Z,Ya Allah kesel bngt sm coretax  Ya Allah lindungilah kmi dri orng2 dzalim
283,linosteefiess,2025-07-16T08:43:25.000Z,Coretax mnyetttt tolol
284,kcharenina,2025-07-16T08:41:43.000Z,Aduh kalo jd walkot ntr gabisa yapping coretax lagihh
285,nat_diklofenak,2025-07-16T08:35:34.000Z,Akh ada coretax.  Bete gue jing.
286,blckrosesoonday,2025-07-16T08:31:43.000Z,BARU GE GUE BILANG GUE UPDATE CORETAX.. BERULAH KAN DIA HADEHHHHHHHHH
287,says_Mc,2025-07-16T08:06:40.000Z,coretax mempermudah perusahaan  coretax biar semua perusahaan kena denda karena aplikasi sampah
288,mataharipagiiii,2025-07-16T08:04:07.000Z,coretax tai fucek
289,kring_pajak,2025-07-16T08:00:58.000Z,"Hai Kak,  Penggabungan NPWP isteri ke suami bisa dilakukan secara online melalui akun Coretax. Pastikan NPWP suami sudah aktif akun Coretaxnya. Apabila kondisi isteri telah terdaftar di Coretax, maka langkah berikutnya yaitu memasukkan NIK isteri ke dalam  FTU suami sebagai"
290,kring_pajak,2025-07-16T07:57:33.000Z,"Hai, Kak. Mohon maaf atas ketidaknyamanannya. Apakah saat ini masih terkendala? Jika iya, silakan melakukan hal-hal berikut sebelum mengakses laman coretax: 1. Clear cache & cookies pada browser; 2. Gunakan Private atau Incognito Window; 3. Gunakan browser atau perangkat yang"
291,mataharipagiiii,2025-07-16T07:56:15.000Z,telat bayar pajak karena coretax down apakah ttp didenda?  @kring_pajak  tolong dijawab
292,kring_pajak,2025-07-16T07:54:12.000Z,"Hai, Kak.  Untuk melihat detail daftar riwayat pembayaran dapat dicek pada menu Buku Besar dari laman Coretax. Kakak dapat gunakan tombol ""Terapkan Filter"". Selain menggunakan filter berupa NTPN untuk mencari data pembayaran, Kakak juga bisa mengecek di Buku Besar Coretax dengan"
293,peternakunta,2025-07-16T07:51:52.000Z,Halah bacod...coretax aja amburadul gaya gayaan pake AI segala
294,hasvachives,2025-07-16T07:49:26.000Z,another day another has against coretax
295,capitaletrhone,2025-07-16T07:48:23.000Z,coretax babi
296,kring_pajak,2025-07-16T07:48:00.000Z,"Hai, Kak.  Mohon maaf atas ketidaknyamanannya. Sampai dengan saat ini, belum terdapat informasi resmi mengenai kendala bukti potong unifikasi tidak muncul pada pelaporan SPT di akun Coretax wajib pajak. Taxmin menyarankan untuk mencoba langkah berikut sebelum mengakses Coretax"
297,delasnov17327,2025-07-16T07:47:59.000Z,"@kring_pajak  min kalo skrng pembukuan , tapi karena ada kebakaran dan usahanya ga jalan di Juni, apakah bisa balik ke pencatatan lagi ya? Ada pemberitahuan di coretax ga? Di menu apa ya?"
298,maylaafn,2025-07-16T07:47:42.000Z,"emang coretax nggak jelas njirr, tinggal validasi aja eror2 mulu sampe berminggu2. udah kita yg bayar pajak, kita pula yg harus lapor"
299,kring_pajak,2025-07-16T07:45:56.000Z,"Hai, Kak.  1. Apakah kendala muncul saat pengisian Detail Kontak pada menu Aktivasi Akun Wajib Pajak? Jika iya dan muncul tanda silang merah pada kolom email dan nomor HP, maka data yang diinputkan belum sesuai dengan sistem coretax. Silakan masukkan email dan nomor handphone"
300,kring_pajak,2025-07-16T07:37:07.000Z,"Hai, Kak. Mohon maaf atas ketidaknyamanannya. Apakah saat ini masih terkendala? Apabila masih terkendala, mohon dicoba untuk posting SPT kembali dan pastikan datanya sudah muncul. Kakak juga dapat mencoba langkah-langkah berikut sebelum mengakses Coretax: 1. Pastikan menggunakan"
301,kring_pajak,2025-07-16T07:32:37.000Z,"Hai, Kak. Mohon maaf atas ketidaknyamanan yang dialami. perihal perubahan alamat email pada saat aktivasi coretax, Kakak dapat mengajukan perubahan data alamat email melalui contact center di layanan livechat http://pajak.go.id, telepon Kring Pajak 1500200, atau melalui KPP."
302,kring_pajak,2025-07-16T07:30:22.000Z,"Hai, Kak. Mohon maaf atas ketidaknyamanannya.  Apakah untuk pengajuannya sudah sesuai dengan alur berikut ini? Akses melalui Coretax > Silakan masuk ke menu Layanan Wajib Pajak > Layanan Administrasi> Buat Permohonan Layanan Administrasi> Pilih kode AS.06 Surat Keterangan"
303,kring_pajak,2025-07-16T07:27:51.000Z,"Hai, Kak. Mohon maaf atas ketidaknyamanannya. Saat ini permasalahan tersebut sedang ditangani oleh tim terkait. Taxmin menyarankan untuk mencoba langkah berikut sebelum mengakses Coretax kembali: 1. Pastikan koneksi internet stabil; 2. Clear cache & cookies pada browser yang"
304,theblessedjars,2025-07-16T07:27:49.000Z,"Nah kalau impor xml kan detail transaksinya kita yang input sendiri nih kak di xml terus baru diimpor ke coretax. Maksud saya, dengan cara seperti itu, apakah data yang saya input tetap tervalidasi/connect/ngelink dengan data yang ada di djbc?"
305,0jenry1,2025-07-16T07:27:25.000Z,Ku sebulan ga gajian gara2 Coretax.
306,kring_pajak,2025-07-16T07:26:58.000Z,"Hai, Kak.    Mohon maaf atas ketidaknyamanan yang dialami. Gangguan tersebut disebabkan karena load ke server yang sedang tinggi, sebelum mengakses coretax disarankan untuk mencoba langkah berikut:  1. Clear cache & cookies pada browser 2. Gunakan Private atau Incognito Window 3."
307,rsvthaaa,2025-07-16T07:26:23.000Z,@kring_pajak  apakah pembuatan npwp dgn coretax saat ini sudah tidak dapat kartu fisik dri KPP lgi?
308,Sherley_Nirjana,2025-07-16T07:24:35.000Z,"Berarti saat saya mengisi di coretax, DPP nilai lain di thickmart ? Terima kasih."
309,kring_pajak,2025-07-16T07:23:32.000Z,"Hai, Kak. Mohon maaf atas ketidaknyamanannya. Saat ini permasalahan tersebut sedang ditangani oleh tim terkait. Taxmin menyarankan untuk mencoba langkah berikut sebelum mengakses Coretax kembali: 1. Pastikan koneksi internet stabil; 2. Clear cache & cookies pada browser yang"
310,txt_karir,2025-07-16T07:21:04.000Z,Coretax dari awal launching banyak problem bukannya berbenah malah makin minus
311,kring_pajak,2025-07-16T07:12:01.000Z,"Hai, Kak.  Dapat diinformasikan sejak penggunaan Aplikasi Coretax, Wajib Pajak menggunakan kode Otorisasi DJP atau pihak ketiga penyedia jasa penandatangan elektronik sebagai media penandatanganan dokumen elektronik.  Apabila kakak menggunakan Kode Otorisasi DJP, maka kakak cukup"
312,kring_pajak,2025-07-16T07:11:02.000Z,"Hai, Kak. Mohon maaf atas ketidaknyamanannya. Sampai dengan saat ini, belum terdapat informasi resmi mengenai kendala bupot unifikasi hilang atau tidak muncul pada saat pelaporan SPT di akun Coretax wajib pajak. Taxmin menyarankan untuk mencoba langkah berikut  sebelum mengakses"
313,kring_pajak,2025-07-16T07:10:38.000Z,"Hai, Kak.  Mohon maaf atas ketidaknyamanannya. Apakah sampai saat ini Kakak masih mengalami kendala yang sama? Silakan hapus dan buat konsep SPT kembali ya, Kak. Kemudian silakan posting SPT.   Kakak dapat melakukan beberapa langkah berikut sebelum mengakses Coretax:  1. Clear"
314,mangkuvenus,2025-07-16T07:10:01.000Z,coretax udah bisa ges
315,kring_pajak,2025-07-16T07:09:59.000Z,"Hai, Kak. Jika yang kakak maksud terkait bukti potong PPh 26 tanpa menggunakan tarif P3B maka pada kolom Nama Fasilitas dipilih tanpa fasilitas. Namun jika mau menggunakan fasilitas P3B maka harus mengajukan Form DGT terlebih dahulu baru mengajukan E-SKD melalui coretax."
316,pajakpmadua,2025-07-16T07:09:53.000Z,"#KawanPajak apakah sudah aktivasi akun Coretax DJP? Yuks, siapkan diri untuk pelaporan SPT Tahunan PPh 2025 yang akan dilakukan melalui Coretax DJP. Aktivasi akun cukup mudah, terutama bagi kamu yang sudah punya NPWP 16 digit dan akun DJP Online.   Simak selengkapnya pada-"
317,kring_pajak,2025-07-16T07:08:38.000Z,"Hai, Kak  Mohon maaf atas ketidaknyamanannya. Saat ini atas kendala tersebut sedang dalam penanganan tim teknis terkait ya, Kak. Silakan lakukan pengecekan secara berkala. Sebelum mengakses coretax disarankan untuk mencoba langkah berikut:  1. Clear cache & cookies pada browser;"
318,kring_pajak,2025-07-16T07:07:28.000Z,"Hai, Kak.  Pada Aplikasi Coretax untuk kompensasi LB akan secara otomatis muncul di SPT normal masa berikutnya yang belum terlapor dan LB tersebut tidak akan masuk ke SPT yang statusnya pembetulan ya, Kak.  Jika pada dashboard kompensasi belum muncul, mohon menunggu dan cek"
319,kring_pajak,2025-07-16T07:07:08.000Z,"Hai, Kak. Dokumen bukti potong yang diterbitkan oleh pemberi kerja kepada karyawan (penerima penghasilan) akan otomatis masuk ke akun coretax pribadi penerima penghasilan tersebut pada menu Portal Saya, kemudian pilih Dokumen Saya.  Kemudian silahkan Kakak klik “Hasilkan"
320,dikanchut,2025-07-16T07:01:22.000Z,Wgwgwg coretax lagi
321,kring_pajak,2025-07-16T06:59:39.000Z,"Hai, Kak. Untuk mekanisme uang muka (barang non mewah) di sistem coretax, silahkan centang uang muka terlebih dahulu pada saat pembuatan Faktur Pajak Keluaran dan ketika Kakak menambahkan detail barang/jasa untuk harga satuan silahkan diisikan sesuai dengan nilai kontrak yang"
322,askmearmything,2025-07-16T06:39:59.000Z,"Iyaa ini tuh masalah di sistem coretaxnya. Ini yang bikin aku murka banget. Udahlah dari Januari masih error mulu, kita udah sabar2, eh pake dicolek pula dengan surat yang nyata2 salah mereka. Kesabaran kalo denger kata coretax tuh kayak udah setipis tisu"
323,DwikiAuditya,2025-07-16T06:39:51.000Z,"On terus ya yg msh ada kendala pembuatan npwp badan (gabisa klik lanjut) bisa lanjut ketok DM, d bantu proses krg dr 1jam...  #zonauang #zonajajan #npwp #coretax"
324,remmark5,2025-07-16T06:39:32.000Z,coretax emang sebapukkk itu coy
325,kring_pajak,2025-07-16T06:34:39.000Z,"Hai, Kak.  Apakah sampai saat ini Kakak masih mengalami kendala yang sama? Silakan hapus dan buat konsep SPT kembali ya, Kak. Kemudian silakan posting SPT juga untuk SPT Masa PPh Pasal 21.  Kakak dapat melakukan beberapa langkah berikut sebelum mengakses Coretax: 1. Clear cache"
326,mad_worlddd,2025-07-16T06:33:21.000Z,"Hai, Kak. Mohon maaf atas ketidaknyamanannya. Saat ini permasalahan tersebut sedang ditangani oleh tim terkait. Taxmin menyarankan untuk mencoba langkah berikut sebelum mengakses Coretax kembali:  1. Pastikan koneksi internet stabil;  2. Clear cache & cookies pada browserrrrrrrrr"
327,kring_pajak,2025-07-16T06:30:15.000Z,"Hai, Kak. Mohon maaf atas ketidaknyamanannya. Saat ini permasalahan tersebut sedang ditangani oleh tim terkait.  Taxmin menyarankan untuk mencoba langkah berikut sebelum mengakses Coretax kembali:  1. Pastikan koneksi internet stabil; 2. Clear cache & cookies pada browser yang"
328,ninaaboboo_,2025-07-16T06:26:26.000Z,"website coretax finally berada di jalan yang benar, gua hampir muntah paku ngadepinnya dari kemarin"""
329,akudillaaa__,2025-07-16T06:22:04.000Z,emang taik bgt ini web udah paling bener pelaporan pake sistem yg dulu malah ngide ganti coretax
330,uwuwqwq,2025-07-16T06:18:55.000Z,"mjb kak, kemarin klienku jg dapet surat teguran persis gini wkwk trs aku lgsng buat surat tanggapan terkait teguran itu dan bukti²nya. sampe kpp, helpdesk bingung, AR bingung endingnya suruh untuk diabaikan aja krn coretax masih dalam penyempurnaan (sudah kuduga)"
331,heecherrydan,2025-07-16T06:17:35.000Z,"coretax ini kaya anjing ya, tiap bulan ada aja errornya"
332,puri__nim,2025-07-16T06:16:17.000Z,temen gue yang nanganin coretax di kantor dia aja sampe gumoh trs pengen resign dasar aplikasi dzolim
333,coorsair,2025-07-16T06:09:09.000Z,kocak abis nih web coretax udh setengah tahun lebih jg
334,bluefeathersy,2025-07-16T06:09:03.000Z,Coretax ni emg asu. Nyusahin kerjaan aja sumpah
335,EhXabiiru,2025-07-16T06:08:20.000Z,Coretax anjjjjjjjjjj
336,WillCrucioYou,2025-07-16T06:04:03.000Z,"Deep down masih percaya, kalau tujuan bikin coretax buat ngancurin negara sendiri, negara waras mana yg sengaja bikin apps, biar pendapatan negara sendiri turun? They trying to reset this country"
337,kejari_sampang,2025-07-16T06:03:29.000Z,"Bertempat di KP2KP Sampang, Kajari Sampang Ibu. Fadilah Helmi, S.H., M.H., CSSL., didampingi Bpk. Athur Maralaut Silalahi, S.H., M.H., selaku Kasi Datun menghadiri sekaligus menjadi narasumber pada kegiatan Sosialisasi Sistem Inti Administrasi Perpajakan (coretax)"
338,literabadi,2025-07-16T06:03:03.000Z,coretax: bawel km
339,mbelgedesman,2025-07-16T05:59:28.000Z,Aplikasi coretax tolil iki lapo maneh cok
340,faridzdzdz,2025-07-16T05:58:32.000Z,"perkara notebook aja kejagung bisa ikut masuk, itu coretax knp adem ayem aja ya, minimal bpk harusnya udh mantau tuh krn proyek triliunan tp kualitas ruko"
341,ArthurianWitch,2025-07-16T05:58:22.000Z,Sistem mahal kualitas sampah  Siapapun orang dibalik coretax ini tak harap membusuk di neraka
342,kkamahao_pii,2025-07-16T05:57:53.000Z,eh bukannya masa peralihan dari djp online ke coretax itu ga dikenakan sanksi administrasi ya? kok tbtb dapet surat? mengingat saat awal tahun coretax sampah abis.
343,sleepybijes,2025-07-16T05:53:07.000Z,Lah masih error coretax
344,breathehi,2025-07-16T05:52:51.000Z,Coretax monyet
345,karambia007,2025-07-16T05:52:20.000Z,Cina dengan anggaran yang sama bisa bikin deepseek kalau Indognesia masterpiece nya coretax
346,ryeowinn,2025-07-16T05:52:19.000Z,Nih coretax bisa gk sih gk lemot. Emosi. Udah ngisi banyak tinggal submit tiba2 webnya gk bisa. Angjing
347,pastmadnight,2025-07-16T05:48:51.000Z,jir lah coretax
348,dillmorales,2025-07-16T05:48:40.000Z,"coretax emg web sampah, di kantor kerjaannya bikin emosi doang gegara error mulu"
349,samsarigged,2025-07-16T05:47:46.000Z,"itu cara mudah bagi negara untuk majakin masyarakat. Cara lebih susah (tapi lebih proper dan bermanfaat)? FORMALISASI EKONOMI. INDUSTRIALISASI. Tax rate merosot kek gini salah siapa? Salah satunya coretax, dua, pemberitaan2 ttg petugas pajak, tapi utamanya adalah BROKEN TAXING:"
350,biutfly,2025-07-16T05:47:38.000Z,coretax gk bisa dibuka kh?!?!
351,auditopinion,2025-07-16T05:32:10.000Z,"@kring_pajak  saya baru buat NPWP, status NPWP saya belum aktif SPDN. sudah saya coba hasilnya seperti ini, solusinya bagaimana ya? tapi saya sudah bisa login ke coretax dan NPWP nya."
352,Sage_Oncom,2025-07-16T05:29:51.000Z,benerinnn coretax wooooyyy
353,mrzkyrmdn,2025-07-16T05:28:35.000Z,hadeuh coretax
354,areumdvwnme_,2025-07-16T05:28:11.000Z,"Masih kemusuhan sm si coretax"" ini yg mgide siapa sih, sistem bapuk dipaksain, minimal dimaximize dlu lahh. Awal thn ngurus pph pengalihan hak sistem bosok, awal bln ini ngurus bphtb masih bosok. Hobi nyusahin org mulu, jdi wni terdholimi trs"
355,daffarayhanz_,2025-07-16T05:24:20.000Z,apalah apalah  coretax eror coretax yg ngasi denda   kocak
356,abengsss,2025-07-16T05:18:36.000Z,Numpang:  Coretax kontol
357,_Agvrl,2025-07-16T04:58:43.000Z,"pakai web coretax kalo di aku apknya suka error jadi langsung ke kantor pajak ajaa,, dan buat disana, soalnya ada elemen-elemen yg aku gatau harus diisi apa kalo kesana langsung kan bisa diajarin sekali cuci mata"
358,ytdw_,2025-07-16T04:58:04.000Z,No excuse di era coretax wajib hukumnya rutin cek portal dokumen karena surat cinta sudah dikirim dan terekam disana. negara mana mau tau fisik surat diterimanya kapan pokoknya yang penting WP bayar bayar bayarrrr~
359,michyoganee,2025-07-16T04:58:00.000Z,semoga diresmikan 2026 kata monyet diganti coretax
360,ferrycsid,2025-07-16T04:50:45.000Z,"Sampe sekarang masih males-malesan ngadepin coretax karena selalu kepikiran ""ini aku yg goblok rata kiri apa emang sistemnya masih banyak yg harus dibenerin"""
361,askmearmything,2025-07-16T04:49:22.000Z,"Emang, ini kayaknya karena ada dispensasi yang selama 3 bulan pertama itu.   Cuma tetep aja 6 bulan ngampet emosi gegara coretax yang ada aja errornya terus. Eh ngeliat surat yang sebenernya salah mereka tuh bener2 jadi meledak rasanya."
362,rifkialfahrizal,2025-07-16T04:40:35.000Z,"@kring_pajak  min jika Suami Pekerja Bebas dan Istri manjadi PIC Coretax di Badan Usaha selama ini memiliki NPWP masing2, untuk penggabungan NPWPnya bagaimana ya caranya? Apakah setelah NPWP digabungkan, istri masih bisa menjadi PIC di Badan Usaha?"
363,jahyvns,2025-07-16T04:37:37.000Z,"@kring_pajak  mau tanya, kalau misalnya kita buat faktur pajak keluaran, terus emailnya itu - @npwp .com, berarti ini faktur pajaknya bakal terdaftar di sistem coretax mereka gak ya? terima kasih"
364,Sherley_Nirjana,2025-07-16T04:30:42.000Z,@kring_pajak  : Bgmn langkah membuat FP dengan kode No.Seri 090 di coretax? Bgmn mengisinya di Coretax untuk DPP dan PPN nya? Apakah perlu centang DPP Nilai lain agar PPN nya bisa 11%? Terima kasih.
365,tadeanz,2025-07-16T04:30:36.000Z,kalo bisa teriak kontol gua udah teriak dari tadi anjritt coretax sialan
366,askmearmything,2025-07-16T03:12:56.000Z,"Pagi2 bikin gw ngamuk aja  @kring_pajak  . SISTEM LU YANG SAMPAH, ORANG LAIN YANG SURAT TEGURAN.  Jangan berani2 lu sebut itu bisa diabaikan !!! Gw gak tolol, udah paham. Tapi ini harusnya lu yang belajar ! APLIKASI CORETAX PERUSAK KERJA ORANG ITU YANG HARUSNYA LU BENAHI !!!!"
367,kring_pajak,2025-07-16T03:11:42.000Z,"Hai, Kak.  Mohon kakak pastikan kembali bahwa permohonan perubahan data detil bank telah dilakukan dengan langkah-langkah yang benar melalui Coretax: menu Portal Saya > Perubahan Data > Identitas Wajib Pajak > centang Perbarui Rekening Bank Utama > lampirkan dokumen pendukung >"
368,kring_pajak,2025-07-16T03:09:02.000Z,"Hai, Kak. Apakah yg Kakak maksud pembubuhan e-meterai melalui aplikasi coretax? Jika iya, Pembubuhan e-meterai tidak dapat dilakukan di aplikasi coretax, Pembelian dan pembubuhan e-meterai dapat dilakukan melalui laman http://e-meterai.co.id. Tks*Tian"
369,BellaFelani614,2025-07-16T03:08:12.000Z,"@kring_pajak  min, ini gimana Coretax masih Error selama 2 Minggu?"
370,kring_pajak,2025-07-16T03:07:38.000Z,"Hai, Kak.  Di template file impor Coretax tidak ada kode objek pajak 21-100-11. Untuk membuat bukti potong dengan kode objek pajak 21-100-11, kakak dapat membuat bukti potong dengan kode objek pajak tersebut secara langsung di aplikasi Coretax ya.  Cara pembuatan bukti potong"
371,kring_pajak,2025-07-16T03:04:10.000Z,"Hai, Kak.   Mohon maaf atas ketidaknyamanannya.  Silakan mencoba hal-hal berikut sebelum mengakses laman Coretax:    1. Bersihkan cache & cookies di browser yang digunakan;    2. Gunakan mode New Incognito Window pada browser Chrome atau New Private Window pada browser Mozilla"
372,EnforceA_info,2025-07-16T03:03:11.000Z,"10 Juli 2025, kuliah umum seru bareng #EnforceA & SWINS:  ""Sinergi Mahasiswa & UMKM di Era Pajak Digital""  Rifki Saputra, SST. Pa., M.Ak., BKP bakal kasih insight soal Coretax DJP & cara efisien ngurus pajak di dunia digital!   #PajakDigital #SWINS #UMKM #Coretax #Tax"
373,kring_pajak,2025-07-16T02:46:07.000Z,"Hai, Kak.  Apakah WNA tersebut masih berstatus sebagai Subjek Pajak Dalam Negeri (SPDN)?  Jika iya, atas Orang Pribadi tersebut silakan setor sendiri PPh Final atas Pengalihan Tanah dan/atau Bangunan dengan membuat kode billing melalui Coretax dengan cara: 1. Login ke laman"
374,me_heni,2025-07-16T02:45:23.000Z,"Sama2 ka, semakin hari semakin eror coretax"
375,kring_pajak,2025-07-16T02:41:15.000Z,"Hai, Kak. Bisa ya Kak menggunakan template impor XML, silahkan Kakak dapat mengunduh template impor faktur pajak keluaran, pada laman berikut: https://pajak.go.id/reformdjp/coretax/template-xml-dan-converter-excel-ke-xml…  Tks*Hita"
376,pajakpyb,2025-07-16T02:40:28.000Z,"#KawanPajak, bagi WP Badan dengan tahun buku yang tidak sama dengan tahun kalender (misalnya Agustus 2024–Juli 2025), pelaporan SPT Tahunan PPh Tahun Pajak 2025 sudah dilakukan lewat Coretax mulai Agustus 2025."
377,kring_pajak,2025-07-16T02:38:02.000Z,"Hai, Kak. Jika mengalami kendala seperti itu, maka artinya NIK telah terdaftar sebagai NPWP di Coretax. Penjelasan selengkapnya telah ada di balasan tweet di bawah ini ya, Kak.  Tks*Amma."
378,kring_pajak,2025-07-16T02:36:43.000Z,"Hai, Kak, Mohon maaf atas ketidaknyamanannya. Apakah saat ini masih terkendala? Jika iya, silakan melakukan hal-hal berikut sebelum mengakses laman coretax: 1. Clear cache & cookies pada browser; 2. Gunakan Private atau Incognito Window; 3. Gunakan browser atau perangkat yang"
379,benisapoedtra,2025-07-16T02:35:10.000Z,"Kembalikan coretax ke sistem lama sudah, itu cukup mengangkat pendapatan"
380,kring_pajak,2025-07-16T02:34:44.000Z,"Hai, Kak Dengan ini disampaikan bahwa Wajib Pajak Orang Pribadi (WPOP) WNI yang dapat dibuatkan bukti potong A1 di Coretax adalah WPOP yang NIK-nya telah terdaftar NPWP/registrasi pada Coretax dan WPOP yang sebelumnya memiliki NPWP 15 digit serta sudah melakukan pemadanan NIK."
381,slayzzzieee,2025-07-16T02:30:00.000Z,"waduh ngeri juga yaa, mana dia bilang juga pake sistem coretax gtgt, udh gitu ngomongnya meyakinkan bangett"
382,rudi_mahpuzitax,2025-07-16T02:17:12.000Z,"@kring_pajak  Pagi Min, Mau tanya saya dapat Faktur Pajak Fisik dari Lawan Transaksi dengan nomor yang berbeda ketika saya lihat di coretax, namun ketika saya Download PDF atas Faktur Pajak tersebut sesuai dengan fisiknya,apakah masih bisa dikreditkan Faktur Pajak Tersebut? Thanks"
383,kring_pajak,2025-07-16T02:16:48.000Z,"Hai, Kak. Jika sudah terdaftar NPWP baik melalui laman http://ereg.pajak.go.id, untuk mengakses akun Coretax, Kakak dapat langsung melakukan lupa password atau aktivasi akun Wajib Pajak ya, Kak.  Jika sudah pernah akses DJP Online, silakan ke laman http://coretaxdjp.pajak.go.id > klik"
384,taa_thaaa,2025-07-16T02:15:41.000Z,"@kring_pajak  halo min, ini kan saya ada LB tahun 2024 cuma sampai bln ini kenapa blm muncul di dasbor kompensasi coretax yaa?"
385,tanaka2k001,2025-07-16T02:14:27.000Z,"halo kak , terima kasih sudah menjawab. spt ppn masa januari saya baru berhasil laporkan di awal maret karena saat itu saya sulit mengakses coretax jadi terlewat tanggal . dan sudah mendapat BPE , saya perlu lapor langsung ke kpp?"
386,pajakbireuen,2025-07-16T01:57:23.000Z,"#KawanPajak Mulai 2026, pelaporan SPT Tahunan PPh 2025 dilakukan lewat Coretax DJP. Setelah aktivasi akun, buat Kode Otorisasi/Sertifikat Digital (KO/SD) untuk menandatangani SPT. Caranya? Login ke Coretax DJP > Portal Saya > Permintaan KO/SD."
387,Kec_Gondang,2025-07-16T01:54:47.000Z,"Rabu, 9 Juli 2025 | Kec. Gondang Kecamatan Gondang gelar Bimtek Core Tax bagi Sekdes, Bendahara, dan Kaur Perencanaan se-Kecamatan. Sebagai penguatan kapasitas perangkat desa dalam pengelolaan perpajakan dan administrasi keuangan desa.  #KecamatanGondang #BimtekDesa #CoreTax"
388,kring_pajak,2025-07-16T01:43:16.000Z,"Hai, Kak. Riwayat pembayaran dapat dilihat di menu buku besar di coretax ya, Kak.  Tks*Muna"
389,kring_pajak,2025-07-16T01:41:21.000Z,"Hai, Kak. Apakah ingin akses akun coretax? Jika iya, dan muncul keterangan NIK di duplikasi artinya NIK tersebut sudah terdaftar sebagai NPWP sehingga Kakak tidak perlu untuk memilih menu pendaftaran NPWP lagi.  Untuk mengakses akun coretax, Kakak dapat langsung melakukan lupa"
390,katanyasihbiru,2025-07-16T01:27:33.000Z,"Monyeeet, pagi-pagi udah dibikin kesel sama coretax"
391,peppikoo97,2025-07-16T01:25:38.000Z,Kalau di template file impor coretax memang ga ada kode objek pajak 21-100-11 ya kak?
392,musicaryuki,2025-07-16T01:24:45.000Z,"Kurang dilaporkan min, jadi harus pembetulan. Kalau memang via coretax , akses nya bagaimana ya ?"
393,Onlyhuman284,2025-07-16T01:24:03.000Z,"Info dong, udah ada yang bisa bikin SPT MASA PPN ga ya di Coretax?"
394,PA_Unaaha,2025-07-16T00:51:16.000Z,"Unaaha, 15 Juli 2025 || Rapat koordinasi pelaksanaan coretax dan aplikasi gajiweb secara virtual diikuti oleh Kasubbag. Umum & Keuangan serta Bendahara Pengadilan Agama Unaaha Kelas IB #rapat #koordinasi #coretax @Humas_MA  @DitjenBadilag"
395,pajakpmb,2025-07-16T00:30:06.000Z,"#KawanPajak, bagi WP Badan dengan tahun buku yang tidak sama dengan tahun kalender (misalnya Agustus 2024–Juli 2025), pelaporan SPT Tahunan PPh Tahun Pajak 2025 sudah dilakukan lewat Coretax DJP mulai Agustus 2025."
396,pajakmdygresik,2025-07-15T17:10:53.000Z,"#KawanPajak, bagi WP Badan dengan tahun buku yang tidak sama dengan tahun kalender (misalnya Agustus 2024–Juli 2025), pelaporan SPT Tahunan PPh Tahun Pajak 2025 sudah dilakukan lewat Coretax mulai Agustus 2025."
397,congratzwinava,2025-07-15T15:57:26.000Z,Mumet mumet Coretax akehan polah
398,LaporSPTYUK,2025-07-15T15:35:55.000Z,"lapor spt di akuu, aku bantu perhitungannya dan jugaa aku share file laporannya walaupun pakai eForm. barusan selesai pelaporan SPT freelance+pegawai #laporspt #npwp #spt #coretax #zonauang #zonajajan"
399,afrdyab,2025-07-15T15:26:20.000Z,Gw pake tumblr coretax masih awet walopun bonyok dikit (agak banyak sbnrnya)
400,Fymzoo24,2025-07-15T14:59:23.000Z,cape menghadapi coretax :'(
401,DwikiAuditya,2025-07-15T14:40:17.000Z,"Kartuny msh yg 15digit kah nder blm yg 16digit sesuai nik KTP ? Kalo iya, bisa coba aktivasi d web coretax buat dapet npwp terbaru nya (pastiin email & no hp terdaftar npwp dlu msh sama)"
402,Fortune_IDN,2025-07-15T14:30:00.000Z,"Lapor SPT lewat Coretax Harus Punya Sertifikat Digital, Ini Caranya!"
403,zetsupth,2025-07-15T14:22:31.000Z,reclass aja reclass ga bisa itu kang pajak reclass kantong kiri kanan di sistem  coretax: pala bapak kau reclass nombok nih vendor kemaren aja ga full cair *fitur tidak tersedia
404,Fymzoo24,2025-07-15T14:00:08.000Z,"ttp gabisa min, mau aku reset password juga pengguna ga valid. pdhl udh pernah daftar, tpi cuman ga sampe selesai isi form2 nya. daftarnya sblm coretax 2025 btw min. mau aku coba daftar lagi tpi pas ngisi nik keterangannya identitas dipublikasi. yg artinya kan udh ada akunku"
405,DesiOcin,2025-07-15T13:55:54.000Z,Jejak digital akun ini kl ditelusuri Ngeluh app efaktur (dulu) Ngeluh DJP (dulu) Ngeluh web efaktur (dulu) Ngeluh Coretax (sekarang)
406,ashashaja89,2025-07-15T13:53:19.000Z,"Bisa kak aku pribadi aja belum dipadanin (bikin dari tahun 2022) dan belum dipadanin di djp online , terus kemarin awal coretax masuk aktivasi akun bisa kakk"
407,DwikiAuditya,2025-07-15T13:48:11.000Z,"D web coretax, input data sesuai KK, siapin email sama no hp mnimal pulsa 2rb buat kirim otp"
408,13bchz,2025-07-15T13:36:32.000Z,client yg hobi bgt bayar di hari terakhir feat. coretax yg always eror di hari terakhir
409,alditaaa__,2025-07-15T13:24:42.000Z,"coretax launching 1 januari 2025 kemarin sebagai pengganti djp online, saat setelah launching itu sistemnya ketika dapet id billing dan kita bayar itu uda otomatis terlapor, jd gaperlu masukin lagi NTPN kyk di djp untuk bisa lapor kak, udah disosialisasiin jg 2024 kemarin ama kpp"
410,pajakbengkalis,2025-07-15T12:03:37.000Z,"Melalui kegiatan ini, KPP Pratama Bengkalis berharap dapat mendorong kepatuhan dan ketertiban pelaksanaan kewajiban perpajakan oleh aparatur kecamatan, demi mendukung pembangunan daerah.  #pajakbengkalis #pajakriau #coretax #pajak 3/3"
411,pajakbengkalis,2025-07-15T12:03:29.000Z,"Materi sosialisasi mencakup:  Pembuatan bukti potong  Proses pembayaran pajak  Pelaporan SPT Masa melalui sistem Coretax DJP Dengan pemahaman yang lebih baik, diharapkan proses administrasi pajak berjalan lebih mudah dan akurat.  2/3"
412,pajakbengkalis,2025-07-15T12:03:19.000Z,24 Juni 2025 – KPP Pratama Bengkalis bersama KP2KP Duri mengadakan sosialisasi Coretax DJP bagi Bendahara Pemerintah Kecamatan Talang Muandau. Kegiatan ini jadi bagian dari upaya peningkatan layanan perpajakan di wilayah Kabupaten Bengkalis. 1/3
413,PaTulungagung,2025-07-15T11:56:58.000Z,"Dalam  rangka menyukseskan pelaksanaan sistem perpajakan digital nasional,  Mahkamah Agung Republik Indonesia melalui Badan Urusan Administrasi  menyelenggarakan rapat koordinasi pelaksanaan Coretax dan Aplikasi Gaji  Web."
414,DwikiAuditya,2025-07-15T11:39:22.000Z,"On terus ya yg msh ada kendala pembuatan npwp badan (gabisa klik lanjut) bisa lanjut ketok DM, d bantu proses krg dr 1jam... #zonauang #zonajajan #npwp #coretax"
415,Lazy_Cure,2025-07-15T11:01:21.000Z,Sudah bisa kak. Bisa sendiri tanpa submit. Aneh sih emang coretax.
416,kp2kpsibuhuan,2025-07-15T10:44:01.000Z,"#KawanPajak, bagi WP Badan dengan tahun buku yang tidak sama dengan tahun kalender (misalnya Agustus 2024–Juli 2025), pelaporan SPT Tahunan PPh Tahun Pajak 2025 sudah dilakukan lewat Coretax mulai Agustus 2025.  Pastikan akun WP Badan dan PIC sudah aktif, serta Kode Otorisasi DJP"
417,kring_pajak,2025-07-15T09:46:22.000Z,"Hai, Kak.  Apakah yang dimaksud Kakak adalah saat ini sudah melakukan pembayaran atas kode billing PPh Pasal 21 namun status SPT masih menunggu pembayaran? Jika iya, apabila atas kode billing yang telah Kakak bayar sudah keluar NTPN, tetapi status SPT di Coretax masih masuk di"
418,kring_pajak,2025-07-15T09:44:04.000Z,"Hai, Kak.  Apakah dengan adanya perubahan nama direktur tersebut menyebabkan perubahan pada pengurus/penanggungjawab perusahaan? Apabila iya dan PIC akun Coretax perusahaan juga berubah, silakan mengubah data PIC pada menu Pihak Terkait, silakan login ke Coretax PIC/Badan >"
419,rrawanji,2025-07-15T09:43:47.000Z,Coretax stop nyebelin bisa GAK
420,kring_pajak,2025-07-15T09:42:45.000Z,"Hai, Kak.  Apakah transaksi yang dimaksud terkait pemanfaatan Jasa Luar Negeri di dalam daerah pabean?  Jika iya, untuk pembuatan billing PPN JLN/BKPTB, silakan menggunakan kode KAP-KJS 411212-101. Kode billing dapat dibuat melalui Coretax pada menu Pembayaran > Layanan Mandiri"
421,FeiHung2712,2025-07-15T09:37:44.000Z,@kring_pajak  surat kuasa ga bisa dibubuhkan materai di coretax karena ada error plese lah min diperbaiki
422,bumblebibu,2025-07-15T09:37:34.000Z,"@kring_pajak  hi kak, untuk perpanjang sertifikat elektronik apakah masih diwajibkan? Mengingat sekarang sudah ada penggunaan coretax. Dan apabila tidak perpanjang tapi tiba2 ada pembetulan spt apakah harus pengajuan ulang?"
423,kring_pajak,2025-07-15T09:36:40.000Z,"Hai, Kak.  Dalam coretax, yang menjadi PIC defaultnya adalah penanggung jawab utama perusahaan pada DJP Online.   Pada dasarnya, yang mewakili WP Badan untuk menjalankan hak dan kewajiban perpajakan adalah pengurus sesuai penjelasan di Pasal 32 UU KUP stdtd UU HPP.  Sepanjang WNA"
424,echanwifeuuu,2025-07-15T09:31:31.000Z,Jika Muncul STP karena telat lapor dan telat setor apa bisa buat permohonan penghapusan sanksi karna coretax nya bermasalah?
425,alditaaa__,2025-07-15T09:30:02.000Z,"udah pake akun coretax pic utama tetep ga muncul min, sepertinya di yg lain jg kasusnya serupa"
426,pajakyogyakarta,2025-07-15T09:22:53.000Z,"Pertama, berikut langkah untuk membuat Kode Otorisasi/ Sertifikat Digital melalui Coretax."
427,pajakyogyakarta,2025-07-15T09:22:50.000Z,"#KawanPajak Mulai 2026, pelaporan SPT Tahunan PPh 2025 dilakukan lewat Coretax DJP. Setelah aktivasi akun, buat Kode Otorisasi/Sertifikat Digital (KO/SD) untuk menandatangani SPT. Caranya? Login ke Coretax DJP > Portal Saya > Permintaan KO/SD.   Simak langkah lengkapnya yuk! ---"
428,kring_pajak,2025-07-15T08:32:54.000Z,"Hai, Kak.  Bukti potong/pungut  PPh yang telah diterbitkan oleh pemotong/lawan transaksi melalui Coretax dapat Kakak cek melalui menu Portal Saya > Dokumen Saya. Jika bukti potong tidak muncul, silakan klik 'refresh' untuk dilakukan sinkronisasi data. Apabila tetap tidak muncul,"
429,ConsultingBts,2025-07-15T08:30:50.000Z,"Mulai 2026, pelaporan SPT Tahunan Tahun Pajak 2025 dilakukan lewat sistem Coretax DJP. Setelah aktivasi akun, wajib pajak wajib memiliki KO/SD (Kode Otorisasi/Sertifikat Digital) untuk bisa menandatangani SPT secara elektronik."
430,kring_pajak,2025-07-15T08:29:24.000Z,"Hai, Kak.  Mohon maaf atas ketidaknyamanannya. Terkait kendala tersebut, disarankan Kakak mencoba hal-hal berikut sebelum mengakses Coretax kembali:  1. Bersihkan cache & cookies di browser yang digunakan; 2. Gunakan mode New Incognito Window pada browser Chrome atau New Private"
431,RohmaaRohmaa,2025-07-15T08:28:27.000Z,Saya coba perbarui lewat coretax ketika di klik validasi muncul notif seperti ini
432,kring_pajak,2025-07-15T08:28:20.000Z,"Hai, Kak. Retur pajak masukan pada sistem Coretax hanya dapat direkam pada data Pajak Masukan dengan status pengkreditan CREDITED/UNCREDITED.  Jika Pajak Masukan tersebut belum dikreditkan, silakan pilih (berikan ceklis) pada Pajak Masukan yang bersangkutan, dan tekan tombol"
433,farid_hendro,2025-07-15T08:26:55.000Z,"NPWP sudah punya , yang belum punya hanya akun DJP dan Efin aja , untuk nanti di pakai buat daftar coretax"
434,kring_pajak,2025-07-15T08:25:57.000Z,"Hai, Kak. Untuk kendala gagal login, harap memastikan hal-hal sebagai berikut: 1. Apabila sudah memiliki akun DJP Online sebelum tahun 2025, silahkan klik Lupa Kata Sandi? di laman coretax; 2. Isi ID Pengguna dengan NIK bagi Orang Pribadi dan NPWP 16 digit bagi Badan; 3. Pada"
435,kring_pajak,2025-07-15T08:20:38.000Z,"Hai kak. Mohon maaf atas kendala yang dialami. Apakah saat ini Kakak masih mengalami kendala tersebut? Jika ya, pastikan dahulu NIK atas Wajib Pajak tersebut sudah diaktivasi atau sudah terdaftar di Coretax ya.  Selain itu silakan coba langkah berikut sebelum mengakses Coretax"
436,GusEnzo_,2025-07-15T08:18:29.000Z,"@kring_pajak  min saya ada pembatalan fp, untuk mendapatkan nota pembatalan di coretax itu harus bagaimana yaa?"
437,starymoont,2025-07-15T08:13:37.000Z,Ini coretax lu jangan nyebelin terus ye anjing
438,RohmaaRohmaa,2025-07-15T08:09:33.000Z,"Ini berkaitan dg perpanjangan sertel, jadi nama penanda tangan di efaktur ada penambahan gelar, ketika di perbarui di coretax apakah nantinya akan berubah juga di penandatangan di efaktur desktop dan djp online ?"
439,guitarisvt,2025-07-15T08:09:28.000Z,Cara ngecek di npwp akun PIC gimana ya bg? Di menu apa kalau di coretax? Soalnya email gak ada yg masuk sama sekali. Udah terlanjur gw refresh dan ngulang dari awal.
440,pajakmanna,2025-07-15T08:05:17.000Z,"Annual Income Tax Return filing for Tax Year 2025 must be done via Coretax starting August 2025.  Make sure both company and PIC accounts are active, and the DJP Authorization Code (KODJP) has been created and validated."
441,pakotakediri,2025-07-15T08:02:30.000Z,"Rakor Coretax Digelar, PA Kediri Siap Berbenah dan Berkobar  Kediri, 14 Juli 2025 ==> https://pa-kediri.go.id"
442,bitnaster,2025-07-15T07:54:09.000Z,1 - 10 seberapa stress kamu ngadepin coretax?  100
443,matchaaagirll,2025-07-15T07:51:27.000Z,ada yang bisa bantu lapor pajak 21 di coretax ga #zonauang
444,Nihcio,2025-07-15T07:49:55.000Z,"@kring_pajak  halo min, apabila mengajukan  laporan triwulan angsuran PPh25 utk WP Badan Asuransi mrlalui Coretax, apakah perlu menunggu persetujuan DJP atau hanya otomatisasi by sistem?"
445,hammybrownsugar,2025-07-15T07:47:02.000Z,"kata gua teh coretax kudu banyak muhasabah diri, sadar ga sih woy sampe skrng aja masih nyusahin penggunanya. yg muter2 doang lah, yg tiba2 ke logout, kek lu ngapaaa gua tanyaaaaaaaaaa Allahuuuuu"
446,junhoeluvvv,2025-07-15T07:37:02.000Z,Saya cek di coretax tdk ada FP pengganti nyaa..
447,siegrienijekiel,2025-07-15T07:36:56.000Z,Sudah 7 bulan dan coretax masih eror. Semoga Allah balas kalian pemerintah dzolim dan siapapun yg punya campur tangan membuat coretax. Allah beri hukuman pedih pada kalain karena sudah menyusahkan pekerjaan orang lain.
448,kring_pajak,2025-07-15T07:30:32.000Z,"Hai, Kak. Terkait status error ketika mengimpor file xml Bukti potong A1 di Coretax, dipastikan terlebih dahulu: 1. Template excel impor XML diunduh di http://pajak.go.id/reformdjp/coretax…, pilih Bukti Pemotongan A1 (BPA1)  2. Untuk NPWP Pemotong adalah NPWP 16 digit dari NPWP Pemotong di"
449,nijistan,2025-07-15T07:26:44.000Z,Ada mutual yg kerja di bagian admin dan bs make coretax g ya?
450,kring_pajak,2025-07-15T07:25:24.000Z,"Hai, Kak. Atas kendala sistem yang terjadi dan telah ditangani oleh tim IT maka akan dilakukan proses sinkronisasi data pada sistem Coretax sehingga data yang sebelumnya terkendala/ tidak muncul menjadi muncul pada sistem ya, Kak.  Tks*Wati"
451,kring_pajak,2025-07-15T06:59:00.000Z,"Hai, Kak.  Mohon maaf atas ketidaknyamanannya. Mohon cek kembali data yang Kakak isi pada file impor tersebut. Mohon pastikan sudah menggunakan format XML yang terbaru dan sesuai dengan jenis bukti potongnya ya, Kak. Format dapat Kakak unduh melalui https://pajak.go.id/reformdjp/coretax/template-xml-dan-converter-excel-ke-xml…."
452,kring_pajak,2025-07-15T06:54:19.000Z,"Hai, Kak. Perubahan data berupa pihak terkait seharusnya tidak mempengaruhi fitur eBupot. Silakan dipastikan apakah sudah login menggunakan akun Coretax PIC (atau pihak yang sudah diberi akses untuk pembuatan bukti potong, penandatanganan dsb) lalu impersonate akun Coretax Badan."
453,kring_pajak,2025-07-15T06:47:51.000Z,"Hai, Kak, Mohon maaf atas ketidaknyamanan yang dialami. Saat ini atas kendala tersebut sedang dalam penanganan tim teknis terkait ya, Kak. Silakan lakukan pengecekan secara berkala. Sebelum mengakses coretax disarankan untuk mencoba langkah berikut: 1. Clear cache & cookies pada"
454,itscorazonn,2025-07-15T06:47:31.000Z,"harus pake upload format Xml kak, ntar coba download converter sama template Xml. ntar kalo udah didownload diextrak aja, kalo udah buka yang excel file diconverter.  https://pajak.go.id/id/reformdjp/coretax/template-xml-dan-converter-excel-ke-xml…"
455,kring_pajak,2025-07-15T06:46:32.000Z,"Hai, Kak, Mohon maaf atas ketidaknyamanan yang dialami. Saat ini atas kendala tersebut sedang dalam penanganan tim teknis terkait ya, Kak. Silakan lakukan pengecekan secara berkala. Sebelum mengakses coretax disarankan untuk mencoba langkah berikut: 1. Clear cache & cookies pada"
456,urfateeeee,2025-07-15T06:42:06.000Z,"Ooh iya.. Itu pajak jual beli aset. Kalo semacam itu biasanya emang laporan masih pake cara lama kak, alias ndak otomatis kayak di sistem coretax sekarang. Semangat ya kak.."
457,kring_pajak,2025-07-15T06:40:31.000Z,"Hai, Kak. Sesuai Pasal 1 nomor 26 UU PPN s.t.d.t.d UU Nomor 6 tahun 2023, Nilai Ekspor adalah nilai berupa uang, termasuk semua biaya yang diminta atau seharusnya diminta oleh eksportir (termasuk freight). Jika sudah dipastikan data prepopulated yang muncul di Coretax salah dan"
458,illuzoire,2025-07-15T06:33:13.000Z,"BUSEETTT WAKKK, gua lgi kerja bersama coretax"
459,kring_pajak,2025-07-15T06:25:32.000Z,"Hai, Kak. Silakan pastikan faktur pajak keluaran statusnya sudah Approved di dashboard pajak keluaran ya. Kemudian, klik posting SPT (di bawah header induk SPT) hingga tertanggal pada saat proses posting dilakukan.sebelum mengakses Coretax silakan: 1. Clear cache & cookies pada"
460,powerchocobo,2025-07-15T06:24:35.000Z,coretax anjg
461,kring_pajak,2025-07-15T06:20:06.000Z,"Hai, Kak.  Pastikan pada saat melakukan tambah transaksi untuk mengisi detail BKP sudah memilih tipe Barang dan nama Barang sehingga untuk satuan ukur Kilogram (Kg) akan tersedia di sistem coretax.  Tks*Eita"
462,kring_pajak,2025-07-15T06:20:03.000Z,"Hai, Kak. Mohon maaf atas ketidaknyamanannya. Sampai dengan saat ini, belum terdapat informasi resmi mengenai kendala bupot PPh 21/26 hilang atau tidak muncul pada saat pelaporan SPT di akun Coretax wajib pajak. Kakak dapat mencoba langkah berikut sebelum mengakses Coretax"
463,ljweeyn,2025-07-15T06:19:18.000Z,Semisalnya penagihan 1 minggu Rp 65.019.000 dengan PPN Rp 7.15.090 total Rp 72.171.090 Secara teknis faktur keluaran dalam Coretax harus memakai kode tranksaksi 03 atau 04?
464,guitarisvt,2025-07-15T06:14:03.000Z,Coretax kalo bentuknya orang udah babak belur anying daritadi
465,kring_pajak,2025-07-15T06:06:34.000Z,"Hai, Kak.   Untuk Orang Pribadi, notifikasi tidak ditemukan pada laman http://coretaxdjp.pajak.go.id saat membuat bukti potong disebabkan karena atas NPWP/ NIK tersebut belum pemadanan/belum aktivasi NIK sebagai NPWP/belum registrasi akun Coretax.   Apabila pihak tersebut telah"
466,kring_pajak,2025-07-15T06:00:45.000Z,"Hai, Kak. Untuk pembuatan Faktur Pajak sejak berlakunya coretax, jika pembeli adalah Orang Pribadi yang sudah memiliki NPWP maka silakan input identitas pembeli pada Faktur Pajak dengan menggunakan NIK pada kolom NPWP.  Tks*Rari"
